Dataset,#TrainingRelease,%Training,%Defective in training,%Defective in testing,Balancing,Feature Selection,Sensitivity,TP,FP,TN,FN,Classifier,Precision,Recall,AUC,Kappa
BOOKKEEPER,1,8.22%,48.86%,36.06%,No sampling,No Feature Selection,No cost sensitive,86.0,51.0,238.0,77.0,RandomForest,0.628,0.528,0.708,0.364,
BOOKKEEPER,1,8.22%,48.86%,36.06%,No sampling,No Feature Selection,No cost sensitive,50.0,26.0,263.0,113.0,NaiveBayes,0.658,0.307,0.703,0.245,
BOOKKEEPER,1,8.22%,48.86%,36.06%,No sampling,No Feature Selection,No cost sensitive,82.0,64.0,225.0,81.0,IBk,0.562,0.503,0.65,0.288,
BOOKKEEPER,1,8.22%,48.86%,36.06%,No sampling,No Feature Selection,Sensitive Threshold,162.0,264.0,25.0,1.0,RandomForest,0.38,0.994,0.54,0.059,
BOOKKEEPER,1,8.22%,48.86%,36.06%,No sampling,No Feature Selection,Sensitive Threshold,52.0,29.0,260.0,111.0,NaiveBayes,0.642,0.319,0.609,0.246,
BOOKKEEPER,1,8.22%,48.86%,36.06%,No sampling,No Feature Selection,Sensitive Threshold,82.0,64.0,225.0,81.0,IBk,0.562,0.503,0.641,0.288,
BOOKKEEPER,1,8.22%,48.86%,36.06%,No sampling,No Feature Selection,Sensitive Learning,141.0,208.0,81.0,22.0,RandomForest,0.404,0.865,0.661,0.116,
BOOKKEEPER,1,8.22%,48.86%,36.06%,No sampling,No Feature Selection,Sensitive Learning,52.0,29.0,260.0,111.0,NaiveBayes,0.642,0.319,0.703,0.246,
BOOKKEEPER,1,8.22%,48.86%,36.06%,No sampling,No Feature Selection,Sensitive Learning,82.0,64.0,225.0,81.0,IBk,0.562,0.503,0.65,0.288,
BOOKKEEPER,1,8.22%,48.86%,36.06%,No sampling,Best first,No cost sensitive,88.0,67.0,222.0,75.0,RandomForest,0.568,0.54,0.707,0.311,
BOOKKEEPER,1,8.22%,48.86%,36.06%,No sampling,Best first,No cost sensitive,47.0,26.0,263.0,116.0,NaiveBayes,0.644,0.288,0.709,0.226,
BOOKKEEPER,1,8.22%,48.86%,36.06%,No sampling,Best first,No cost sensitive,88.0,64.0,225.0,75.0,IBk,0.579,0.54,0.667,0.323,
BOOKKEEPER,1,8.22%,48.86%,36.06%,No sampling,Best first,Sensitive Threshold,162.0,265.0,24.0,1.0,RandomForest,0.379,0.994,0.538,0.057,
BOOKKEEPER,1,8.22%,48.86%,36.06%,No sampling,Best first,Sensitive Threshold,53.0,31.0,258.0,110.0,NaiveBayes,0.631,0.325,0.609,0.244,
BOOKKEEPER,1,8.22%,48.86%,36.06%,No sampling,Best first,Sensitive Threshold,88.0,65.0,224.0,75.0,IBk,0.575,0.54,0.657,0.319,
BOOKKEEPER,1,8.22%,48.86%,36.06%,No sampling,Best first,Sensitive Learning,108.0,113.0,176.0,55.0,RandomForest,0.489,0.663,0.66,0.252,
BOOKKEEPER,1,8.22%,48.86%,36.06%,No sampling,Best first,Sensitive Learning,53.0,31.0,258.0,110.0,NaiveBayes,0.631,0.325,0.709,0.244,
BOOKKEEPER,1,8.22%,48.86%,36.06%,No sampling,Best first,Sensitive Learning,88.0,65.0,224.0,75.0,IBk,0.575,0.54,0.667,0.319,
BOOKKEEPER,1,8.22%,48.86%,36.06%,oversampling,No Feature Selection,No cost sensitive,62.0,50.0,239.0,101.0,RandomForest,0.554,0.38,0.696,0.223,
BOOKKEEPER,1,8.22%,48.86%,36.06%,oversampling,No Feature Selection,No cost sensitive,51.0,29.0,260.0,112.0,NaiveBayes,0.638,0.313,0.711,0.239,
BOOKKEEPER,1,8.22%,48.86%,36.06%,oversampling,No Feature Selection,No cost sensitive,78.0,62.0,227.0,85.0,IBk,0.557,0.479,0.686,0.272,
BOOKKEEPER,1,8.22%,48.86%,36.06%,oversampling,No Feature Selection,Sensitive Threshold,163.0,244.0,45.0,0.0,RandomForest,0.4,1.0,0.578,0.117,
BOOKKEEPER,1,8.22%,48.86%,36.06%,oversampling,No Feature Selection,Sensitive Threshold,54.0,29.0,260.0,109.0,NaiveBayes,0.651,0.331,0.615,0.259,
BOOKKEEPER,1,8.22%,48.86%,36.06%,oversampling,No Feature Selection,Sensitive Threshold,78.0,65.0,224.0,85.0,IBk,0.545,0.479,0.627,0.261,
BOOKKEEPER,1,8.22%,48.86%,36.06%,oversampling,No Feature Selection,Sensitive Learning,101.0,88.0,201.0,62.0,RandomForest,0.534,0.62,0.714,0.305,
BOOKKEEPER,1,8.22%,48.86%,36.06%,oversampling,No Feature Selection,Sensitive Learning,54.0,29.0,260.0,109.0,NaiveBayes,0.651,0.331,0.711,0.259,
BOOKKEEPER,1,8.22%,48.86%,36.06%,oversampling,No Feature Selection,Sensitive Learning,78.0,65.0,224.0,85.0,IBk,0.545,0.479,0.686,0.261,
BOOKKEEPER,1,8.22%,48.86%,36.06%,oversampling,Best first,No cost sensitive,73.0,53.0,236.0,90.0,RandomForest,0.579,0.448,0.757,0.278,
BOOKKEEPER,1,8.22%,48.86%,36.06%,oversampling,Best first,No cost sensitive,50.0,29.0,260.0,113.0,NaiveBayes,0.633,0.307,0.706,0.233,
BOOKKEEPER,1,8.22%,48.86%,36.06%,oversampling,Best first,No cost sensitive,82.0,51.0,238.0,81.0,IBk,0.617,0.503,0.689,0.34,
BOOKKEEPER,1,8.22%,48.86%,36.06%,oversampling,Best first,Sensitive Threshold,163.0,242.0,47.0,0.0,RandomForest,0.402,1.0,0.581,0.123,
BOOKKEEPER,1,8.22%,48.86%,36.06%,oversampling,Best first,Sensitive Threshold,53.0,31.0,258.0,110.0,NaiveBayes,0.631,0.325,0.609,0.244,
BOOKKEEPER,1,8.22%,48.86%,36.06%,oversampling,Best first,Sensitive Threshold,82.0,54.0,235.0,81.0,IBk,0.603,0.503,0.658,0.328,
BOOKKEEPER,1,8.22%,48.86%,36.06%,oversampling,Best first,Sensitive Learning,112.0,91.0,198.0,51.0,RandomForest,0.552,0.687,0.729,0.353,
BOOKKEEPER,1,8.22%,48.86%,36.06%,oversampling,Best first,Sensitive Learning,53.0,30.0,259.0,110.0,NaiveBayes,0.639,0.325,0.706,0.248,
BOOKKEEPER,1,8.22%,48.86%,36.06%,oversampling,Best first,Sensitive Learning,82.0,54.0,235.0,81.0,IBk,0.603,0.503,0.689,0.328,
BOOKKEEPER,1,8.22%,48.86%,36.06%,undersampling,No Feature Selection,No cost sensitive,88.0,52.0,237.0,75.0,RandomForest,0.629,0.54,0.7,0.371,
BOOKKEEPER,1,8.22%,48.86%,36.06%,undersampling,No Feature Selection,No cost sensitive,51.0,26.0,263.0,112.0,NaiveBayes,0.662,0.313,0.706,0.252,
BOOKKEEPER,1,8.22%,48.86%,36.06%,undersampling,No Feature Selection,No cost sensitive,84.0,65.0,224.0,79.0,IBk,0.564,0.515,0.654,0.296,
BOOKKEEPER,1,8.22%,48.86%,36.06%,undersampling,No Feature Selection,Sensitive Threshold,162.0,268.0,21.0,1.0,RandomForest,0.377,0.994,0.533,0.049,
BOOKKEEPER,1,8.22%,48.86%,36.06%,undersampling,No Feature Selection,Sensitive Threshold,52.0,29.0,260.0,111.0,NaiveBayes,0.642,0.319,0.609,0.246,
BOOKKEEPER,1,8.22%,48.86%,36.06%,undersampling,No Feature Selection,Sensitive Threshold,84.0,65.0,224.0,79.0,IBk,0.564,0.515,0.645,0.296,
BOOKKEEPER,1,8.22%,48.86%,36.06%,undersampling,No Feature Selection,Sensitive Learning,113.0,110.0,179.0,50.0,RandomForest,0.507,0.693,0.687,0.289,
BOOKKEEPER,1,8.22%,48.86%,36.06%,undersampling,No Feature Selection,Sensitive Learning,52.0,29.0,260.0,111.0,NaiveBayes,0.642,0.319,0.706,0.246,
BOOKKEEPER,1,8.22%,48.86%,36.06%,undersampling,No Feature Selection,Sensitive Learning,84.0,65.0,224.0,79.0,IBk,0.564,0.515,0.654,0.296,
BOOKKEEPER,1,8.22%,48.86%,36.06%,undersampling,Best first,No cost sensitive,89.0,78.0,211.0,74.0,RandomForest,0.533,0.546,0.683,0.275,
BOOKKEEPER,1,8.22%,48.86%,36.06%,undersampling,Best first,No cost sensitive,46.0,25.0,264.0,117.0,NaiveBayes,0.648,0.282,0.714,0.223,
BOOKKEEPER,1,8.22%,48.86%,36.06%,undersampling,Best first,No cost sensitive,90.0,65.0,224.0,73.0,IBk,0.581,0.552,0.671,0.331,
BOOKKEEPER,1,8.22%,48.86%,36.06%,undersampling,Best first,Sensitive Threshold,162.0,269.0,20.0,1.0,RandomForest,0.376,0.994,0.532,0.046,
BOOKKEEPER,1,8.22%,48.86%,36.06%,undersampling,Best first,Sensitive Threshold,53.0,28.0,261.0,110.0,NaiveBayes,0.654,0.325,0.614,0.256,
BOOKKEEPER,1,8.22%,48.86%,36.06%,undersampling,Best first,Sensitive Threshold,90.0,66.0,223.0,73.0,IBk,0.577,0.552,0.662,0.327,
BOOKKEEPER,1,8.22%,48.86%,36.06%,undersampling,Best first,Sensitive Learning,128.0,139.0,150.0,35.0,RandomForest,0.479,0.785,0.709,0.267,
BOOKKEEPER,1,8.22%,48.86%,36.06%,undersampling,Best first,Sensitive Learning,53.0,28.0,261.0,110.0,NaiveBayes,0.654,0.325,0.714,0.256,
BOOKKEEPER,1,8.22%,48.86%,36.06%,undersampling,Best first,Sensitive Learning,90.0,66.0,223.0,73.0,IBk,0.577,0.552,0.671,0.327,
BOOKKEEPER,1,8.22%,48.86%,36.06%,SMOTE,No Feature Selection,No cost sensitive,81.0,51.0,238.0,82.0,RandomForest,0.614,0.497,0.707,0.334,
BOOKKEEPER,1,8.22%,48.86%,36.06%,SMOTE,No Feature Selection,No cost sensitive,51.0,28.0,261.0,112.0,NaiveBayes,0.646,0.313,0.693,0.243,
BOOKKEEPER,1,8.22%,48.86%,36.06%,SMOTE,No Feature Selection,No cost sensitive,82.0,64.0,225.0,81.0,IBk,0.562,0.503,0.65,0.288,
BOOKKEEPER,1,8.22%,48.86%,36.06%,SMOTE,No Feature Selection,Sensitive Threshold,162.0,267.0,22.0,1.0,RandomForest,0.378,0.994,0.535,0.052,
BOOKKEEPER,1,8.22%,48.86%,36.06%,SMOTE,No Feature Selection,Sensitive Threshold,53.0,29.0,260.0,110.0,NaiveBayes,0.646,0.325,0.612,0.252,
BOOKKEEPER,1,8.22%,48.86%,36.06%,SMOTE,No Feature Selection,Sensitive Threshold,82.0,64.0,225.0,81.0,IBk,0.562,0.503,0.641,0.288,
BOOKKEEPER,1,8.22%,48.86%,36.06%,SMOTE,No Feature Selection,Sensitive Learning,103.0,95.0,194.0,60.0,RandomForest,0.52,0.632,0.666,0.29,
BOOKKEEPER,1,8.22%,48.86%,36.06%,SMOTE,No Feature Selection,Sensitive Learning,53.0,29.0,260.0,110.0,NaiveBayes,0.646,0.325,0.692,0.252,
BOOKKEEPER,1,8.22%,48.86%,36.06%,SMOTE,No Feature Selection,Sensitive Learning,82.0,64.0,225.0,81.0,IBk,0.562,0.503,0.65,0.288,
BOOKKEEPER,1,8.22%,48.86%,36.06%,SMOTE,Best first,No cost sensitive,83.0,50.0,239.0,80.0,RandomForest,0.624,0.509,0.701,0.35,
BOOKKEEPER,1,8.22%,48.86%,36.06%,SMOTE,Best first,No cost sensitive,49.0,26.0,263.0,114.0,NaiveBayes,0.653,0.301,0.701,0.239,
BOOKKEEPER,1,8.22%,48.86%,36.06%,SMOTE,Best first,No cost sensitive,88.0,64.0,225.0,75.0,IBk,0.579,0.54,0.667,0.323,
BOOKKEEPER,1,8.22%,48.86%,36.06%,SMOTE,Best first,Sensitive Threshold,162.0,268.0,21.0,1.0,RandomForest,0.377,0.994,0.533,0.049,
BOOKKEEPER,1,8.22%,48.86%,36.06%,SMOTE,Best first,Sensitive Threshold,53.0,30.0,259.0,110.0,NaiveBayes,0.639,0.325,0.611,0.248,
BOOKKEEPER,1,8.22%,48.86%,36.06%,SMOTE,Best first,Sensitive Threshold,88.0,65.0,224.0,75.0,IBk,0.575,0.54,0.657,0.319,
BOOKKEEPER,1,8.22%,48.86%,36.06%,SMOTE,Best first,Sensitive Learning,112.0,114.0,175.0,51.0,RandomForest,0.496,0.687,0.679,0.27,
BOOKKEEPER,1,8.22%,48.86%,36.06%,SMOTE,Best first,Sensitive Learning,52.0,30.0,259.0,111.0,NaiveBayes,0.634,0.319,0.701,0.241,
BOOKKEEPER,1,8.22%,48.86%,36.06%,SMOTE,Best first,Sensitive Learning,88.0,65.0,224.0,75.0,IBk,0.575,0.54,0.667,0.319,
BOOKKEEPER,2,20.3%,41.16%,26.2%,No sampling,No Feature Selection,No cost sensitive,0.0,0.0,324.0,115.0,RandomForest,NaN,0.0,0.582,0.0,
BOOKKEEPER,2,20.3%,41.16%,26.2%,No sampling,No Feature Selection,No cost sensitive,13.0,2.0,322.0,102.0,NaiveBayes,0.867,0.113,0.65,0.149,
BOOKKEEPER,2,20.3%,41.16%,26.2%,No sampling,No Feature Selection,No cost sensitive,0.0,0.0,324.0,115.0,IBk,NaN,0.0,0.627,0.0,
BOOKKEEPER,2,20.3%,41.16%,26.2%,No sampling,No Feature Selection,Sensitive Threshold,0.0,0.0,324.0,115.0,RandomForest,NaN,0.0,0.5,0.0,
BOOKKEEPER,2,20.3%,41.16%,26.2%,No sampling,No Feature Selection,Sensitive Threshold,16.0,3.0,321.0,99.0,NaiveBayes,0.842,0.139,0.565,0.178,
BOOKKEEPER,2,20.3%,41.16%,26.2%,No sampling,No Feature Selection,Sensitive Threshold,0.0,0.0,324.0,115.0,IBk,NaN,0.0,0.5,0.0,
BOOKKEEPER,2,20.3%,41.16%,26.2%,No sampling,No Feature Selection,Sensitive Learning,0.0,0.0,324.0,115.0,RandomForest,NaN,0.0,0.5,0.0,
BOOKKEEPER,2,20.3%,41.16%,26.2%,No sampling,No Feature Selection,Sensitive Learning,16.0,3.0,321.0,99.0,NaiveBayes,0.842,0.139,0.65,0.178,
BOOKKEEPER,2,20.3%,41.16%,26.2%,No sampling,No Feature Selection,Sensitive Learning,0.0,0.0,324.0,115.0,IBk,NaN,0.0,0.627,0.0,
BOOKKEEPER,2,20.3%,41.16%,26.2%,No sampling,Best first,No cost sensitive,0.0,0.0,324.0,115.0,RandomForest,NaN,0.0,0.594,0.0,
BOOKKEEPER,2,20.3%,41.16%,26.2%,No sampling,Best first,No cost sensitive,26.0,19.0,305.0,89.0,NaiveBayes,0.578,0.226,0.65,0.208,
BOOKKEEPER,2,20.3%,41.16%,26.2%,No sampling,Best first,No cost sensitive,1.0,0.0,324.0,114.0,IBk,1.0,0.009,0.63,0.013,
BOOKKEEPER,2,20.3%,41.16%,26.2%,No sampling,Best first,Sensitive Threshold,0.0,0.0,324.0,115.0,RandomForest,NaN,0.0,0.5,0.0,
BOOKKEEPER,2,20.3%,41.16%,26.2%,No sampling,Best first,Sensitive Threshold,28.0,24.0,300.0,87.0,NaiveBayes,0.538,0.243,0.585,0.206,
BOOKKEEPER,2,20.3%,41.16%,26.2%,No sampling,Best first,Sensitive Threshold,1.0,0.0,324.0,114.0,IBk,1.0,0.009,0.504,0.013,
BOOKKEEPER,2,20.3%,41.16%,26.2%,No sampling,Best first,Sensitive Learning,0.0,0.0,324.0,115.0,RandomForest,NaN,0.0,0.699,0.0,
BOOKKEEPER,2,20.3%,41.16%,26.2%,No sampling,Best first,Sensitive Learning,28.0,24.0,300.0,87.0,NaiveBayes,0.538,0.243,0.65,0.206,
BOOKKEEPER,2,20.3%,41.16%,26.2%,No sampling,Best first,Sensitive Learning,1.0,0.0,324.0,114.0,IBk,1.0,0.009,0.63,0.013,
BOOKKEEPER,2,20.3%,41.16%,26.2%,oversampling,No Feature Selection,No cost sensitive,0.0,0.0,324.0,115.0,RandomForest,NaN,0.0,0.511,0.0,
BOOKKEEPER,2,20.3%,41.16%,26.2%,oversampling,No Feature Selection,No cost sensitive,20.0,7.0,317.0,95.0,NaiveBayes,0.741,0.174,0.728,0.202,
BOOKKEEPER,2,20.3%,41.16%,26.2%,oversampling,No Feature Selection,No cost sensitive,0.0,0.0,324.0,115.0,IBk,NaN,0.0,0.461,0.0,
BOOKKEEPER,2,20.3%,41.16%,26.2%,oversampling,No Feature Selection,Sensitive Threshold,0.0,0.0,324.0,115.0,RandomForest,NaN,0.0,0.5,0.0,
BOOKKEEPER,2,20.3%,41.16%,26.2%,oversampling,No Feature Selection,Sensitive Threshold,24.0,14.0,310.0,91.0,NaiveBayes,0.632,0.209,0.583,0.211,
BOOKKEEPER,2,20.3%,41.16%,26.2%,oversampling,No Feature Selection,Sensitive Threshold,0.0,0.0,324.0,115.0,IBk,NaN,0.0,0.5,0.0,
BOOKKEEPER,2,20.3%,41.16%,26.2%,oversampling,No Feature Selection,Sensitive Learning,0.0,0.0,324.0,115.0,RandomForest,NaN,0.0,0.5,0.0,
BOOKKEEPER,2,20.3%,41.16%,26.2%,oversampling,No Feature Selection,Sensitive Learning,24.0,14.0,310.0,91.0,NaiveBayes,0.632,0.209,0.728,0.211,
BOOKKEEPER,2,20.3%,41.16%,26.2%,oversampling,No Feature Selection,Sensitive Learning,0.0,0.0,324.0,115.0,IBk,NaN,0.0,0.461,0.0,
BOOKKEEPER,2,20.3%,41.16%,26.2%,oversampling,Best first,No cost sensitive,0.0,0.0,324.0,115.0,RandomForest,NaN,0.0,0.643,0.0,
BOOKKEEPER,2,20.3%,41.16%,26.2%,oversampling,Best first,No cost sensitive,25.0,16.0,308.0,90.0,NaiveBayes,0.61,0.217,0.728,0.212,
BOOKKEEPER,2,20.3%,41.16%,26.2%,oversampling,Best first,No cost sensitive,0.0,0.0,324.0,115.0,IBk,NaN,0.0,0.461,0.0,
BOOKKEEPER,2,20.3%,41.16%,26.2%,oversampling,Best first,Sensitive Threshold,0.0,0.0,324.0,115.0,RandomForest,NaN,0.0,0.5,0.0,
BOOKKEEPER,2,20.3%,41.16%,26.2%,oversampling,Best first,Sensitive Threshold,29.0,25.0,299.0,86.0,NaiveBayes,0.537,0.252,0.588,0.211,
BOOKKEEPER,2,20.3%,41.16%,26.2%,oversampling,Best first,Sensitive Threshold,0.0,0.0,324.0,115.0,IBk,NaN,0.0,0.5,0.0,
BOOKKEEPER,2,20.3%,41.16%,26.2%,oversampling,Best first,Sensitive Learning,0.0,0.0,324.0,115.0,RandomForest,NaN,0.0,0.663,0.0,
BOOKKEEPER,2,20.3%,41.16%,26.2%,oversampling,Best first,Sensitive Learning,29.0,25.0,299.0,86.0,NaiveBayes,0.537,0.252,0.728,0.211,
BOOKKEEPER,2,20.3%,41.16%,26.2%,oversampling,Best first,Sensitive Learning,0.0,0.0,324.0,115.0,IBk,NaN,0.0,0.461,0.0,
BOOKKEEPER,2,20.3%,41.16%,26.2%,undersampling,No Feature Selection,No cost sensitive,0.0,0.0,324.0,115.0,RandomForest,NaN,0.0,0.594,0.0,
BOOKKEEPER,2,20.3%,41.16%,26.2%,undersampling,No Feature Selection,No cost sensitive,17.0,3.0,321.0,98.0,NaiveBayes,0.85,0.148,0.673,0.189,
BOOKKEEPER,2,20.3%,41.16%,26.2%,undersampling,No Feature Selection,No cost sensitive,0.0,0.0,324.0,115.0,IBk,NaN,0.0,0.591,0.0,
BOOKKEEPER,2,20.3%,41.16%,26.2%,undersampling,No Feature Selection,Sensitive Threshold,0.0,0.0,324.0,115.0,RandomForest,NaN,0.0,0.5,0.0,
BOOKKEEPER,2,20.3%,41.16%,26.2%,undersampling,No Feature Selection,Sensitive Threshold,19.0,4.0,320.0,96.0,NaiveBayes,0.826,0.165,0.576,0.206,
BOOKKEEPER,2,20.3%,41.16%,26.2%,undersampling,No Feature Selection,Sensitive Threshold,0.0,0.0,324.0,115.0,IBk,NaN,0.0,0.5,0.0,
BOOKKEEPER,2,20.3%,41.16%,26.2%,undersampling,No Feature Selection,Sensitive Learning,0.0,0.0,324.0,115.0,RandomForest,NaN,0.0,0.652,0.0,
BOOKKEEPER,2,20.3%,41.16%,26.2%,undersampling,No Feature Selection,Sensitive Learning,19.0,4.0,320.0,96.0,NaiveBayes,0.826,0.165,0.673,0.206,
BOOKKEEPER,2,20.3%,41.16%,26.2%,undersampling,No Feature Selection,Sensitive Learning,0.0,0.0,324.0,115.0,IBk,NaN,0.0,0.591,0.0,
BOOKKEEPER,2,20.3%,41.16%,26.2%,undersampling,Best first,No cost sensitive,0.0,0.0,324.0,115.0,RandomForest,NaN,0.0,0.655,0.0,
BOOKKEEPER,2,20.3%,41.16%,26.2%,undersampling,Best first,No cost sensitive,26.0,16.0,308.0,89.0,NaiveBayes,0.619,0.226,0.673,0.222,
BOOKKEEPER,2,20.3%,41.16%,26.2%,undersampling,Best first,No cost sensitive,2.0,0.0,324.0,113.0,IBk,1.0,0.017,0.598,0.025,
BOOKKEEPER,2,20.3%,41.16%,26.2%,undersampling,Best first,Sensitive Threshold,0.0,0.0,324.0,115.0,RandomForest,NaN,0.0,0.5,0.0,
BOOKKEEPER,2,20.3%,41.16%,26.2%,undersampling,Best first,Sensitive Threshold,27.0,21.0,303.0,88.0,NaiveBayes,0.563,0.235,0.585,0.209,
BOOKKEEPER,2,20.3%,41.16%,26.2%,undersampling,Best first,Sensitive Threshold,2.0,0.0,324.0,113.0,IBk,1.0,0.017,0.509,0.025,
BOOKKEEPER,2,20.3%,41.16%,26.2%,undersampling,Best first,Sensitive Learning,0.0,0.0,324.0,115.0,RandomForest,NaN,0.0,0.696,0.0,
BOOKKEEPER,2,20.3%,41.16%,26.2%,undersampling,Best first,Sensitive Learning,27.0,21.0,303.0,88.0,NaiveBayes,0.563,0.235,0.673,0.209,
BOOKKEEPER,2,20.3%,41.16%,26.2%,undersampling,Best first,Sensitive Learning,2.0,0.0,324.0,113.0,IBk,1.0,0.017,0.598,0.025,
BOOKKEEPER,2,20.3%,41.16%,26.2%,SMOTE,No Feature Selection,No cost sensitive,0.0,0.0,324.0,115.0,RandomForest,NaN,0.0,0.5,0.0,
BOOKKEEPER,2,20.3%,41.16%,26.2%,SMOTE,No Feature Selection,No cost sensitive,14.0,3.0,321.0,101.0,NaiveBayes,0.824,0.122,0.685,0.155,
BOOKKEEPER,2,20.3%,41.16%,26.2%,SMOTE,No Feature Selection,No cost sensitive,0.0,0.0,324.0,115.0,IBk,NaN,0.0,0.627,0.0,
BOOKKEEPER,2,20.3%,41.16%,26.2%,SMOTE,No Feature Selection,Sensitive Threshold,0.0,0.0,324.0,115.0,RandomForest,NaN,0.0,0.5,0.0,
BOOKKEEPER,2,20.3%,41.16%,26.2%,SMOTE,No Feature Selection,Sensitive Threshold,17.0,3.0,321.0,98.0,NaiveBayes,0.85,0.148,0.569,0.189,
BOOKKEEPER,2,20.3%,41.16%,26.2%,SMOTE,No Feature Selection,Sensitive Threshold,0.0,0.0,324.0,115.0,IBk,NaN,0.0,0.5,0.0,
BOOKKEEPER,2,20.3%,41.16%,26.2%,SMOTE,No Feature Selection,Sensitive Learning,0.0,0.0,324.0,115.0,RandomForest,NaN,0.0,0.5,0.0,
BOOKKEEPER,2,20.3%,41.16%,26.2%,SMOTE,No Feature Selection,Sensitive Learning,17.0,3.0,321.0,98.0,NaiveBayes,0.85,0.148,0.685,0.189,
BOOKKEEPER,2,20.3%,41.16%,26.2%,SMOTE,No Feature Selection,Sensitive Learning,0.0,0.0,324.0,115.0,IBk,NaN,0.0,0.627,0.0,
BOOKKEEPER,2,20.3%,41.16%,26.2%,SMOTE,Best first,No cost sensitive,0.0,0.0,324.0,115.0,RandomForest,NaN,0.0,0.488,0.0,
BOOKKEEPER,2,20.3%,41.16%,26.2%,SMOTE,Best first,No cost sensitive,24.0,14.0,310.0,91.0,NaiveBayes,0.632,0.209,0.685,0.211,
BOOKKEEPER,2,20.3%,41.16%,26.2%,SMOTE,Best first,No cost sensitive,1.0,0.0,324.0,114.0,IBk,1.0,0.009,0.63,0.013,
BOOKKEEPER,2,20.3%,41.16%,26.2%,SMOTE,Best first,Sensitive Threshold,0.0,0.0,324.0,115.0,RandomForest,NaN,0.0,0.5,0.0,
BOOKKEEPER,2,20.3%,41.16%,26.2%,SMOTE,Best first,Sensitive Threshold,26.0,16.0,308.0,89.0,NaiveBayes,0.619,0.226,0.588,0.222,
BOOKKEEPER,2,20.3%,41.16%,26.2%,SMOTE,Best first,Sensitive Threshold,1.0,0.0,324.0,114.0,IBk,1.0,0.009,0.504,0.013,
BOOKKEEPER,2,20.3%,41.16%,26.2%,SMOTE,Best first,Sensitive Learning,0.0,0.0,324.0,115.0,RandomForest,NaN,0.0,0.487,0.0,
BOOKKEEPER,2,20.3%,41.16%,26.2%,SMOTE,Best first,Sensitive Learning,26.0,16.0,308.0,89.0,NaiveBayes,0.619,0.226,0.685,0.222,
BOOKKEEPER,2,20.3%,41.16%,26.2%,SMOTE,Best first,Sensitive Learning,1.0,0.0,324.0,114.0,IBk,1.0,0.009,0.63,0.013,
BOOKKEEPER,3,32.03%,35.7%,19.97%,No sampling,No Feature Selection,No cost sensitive,58.0,95.0,378.0,60.0,RandomForest,0.379,0.492,0.741,0.262,
BOOKKEEPER,3,32.03%,35.7%,19.97%,No sampling,No Feature Selection,No cost sensitive,10.0,45.0,428.0,108.0,NaiveBayes,0.182,0.085,0.68,-0.013,
BOOKKEEPER,3,32.03%,35.7%,19.97%,No sampling,No Feature Selection,No cost sensitive,43.0,95.0,378.0,75.0,IBk,0.312,0.364,0.662,0.154,
BOOKKEEPER,3,32.03%,35.7%,19.97%,No sampling,No Feature Selection,Sensitive Threshold,108.0,231.0,242.0,10.0,RandomForest,0.319,0.915,0.713,0.251,
BOOKKEEPER,3,32.03%,35.7%,19.97%,No sampling,No Feature Selection,Sensitive Threshold,12.0,48.0,425.0,106.0,NaiveBayes,0.2,0.102,0.5,0.0,
BOOKKEEPER,3,32.03%,35.7%,19.97%,No sampling,No Feature Selection,Sensitive Threshold,48.0,151.0,322.0,70.0,IBk,0.241,0.407,0.544,0.07,
BOOKKEEPER,3,32.03%,35.7%,19.97%,No sampling,No Feature Selection,Sensitive Learning,105.0,234.0,239.0,13.0,RandomForest,0.31,0.89,0.717,0.232,
BOOKKEEPER,3,32.03%,35.7%,19.97%,No sampling,No Feature Selection,Sensitive Learning,12.0,48.0,425.0,106.0,NaiveBayes,0.2,0.102,0.68,0.0,
BOOKKEEPER,3,32.03%,35.7%,19.97%,No sampling,No Feature Selection,Sensitive Learning,48.0,151.0,322.0,70.0,IBk,0.241,0.407,0.662,0.07,
BOOKKEEPER,3,32.03%,35.7%,19.97%,No sampling,Best first,No cost sensitive,56.0,85.0,388.0,62.0,RandomForest,0.397,0.475,0.756,0.275,
BOOKKEEPER,3,32.03%,35.7%,19.97%,No sampling,Best first,No cost sensitive,22.0,18.0,455.0,96.0,NaiveBayes,0.55,0.186,0.747,0.197,
BOOKKEEPER,3,32.03%,35.7%,19.97%,No sampling,Best first,No cost sensitive,52.0,96.0,377.0,66.0,IBk,0.351,0.441,0.693,0.217,
BOOKKEEPER,3,32.03%,35.7%,19.97%,No sampling,Best first,Sensitive Threshold,106.0,239.0,234.0,12.0,RandomForest,0.307,0.898,0.697,0.228,
BOOKKEEPER,3,32.03%,35.7%,19.97%,No sampling,Best first,Sensitive Threshold,27.0,27.0,446.0,91.0,NaiveBayes,0.5,0.229,0.586,0.216,
BOOKKEEPER,3,32.03%,35.7%,19.97%,No sampling,Best first,Sensitive Threshold,57.0,153.0,320.0,61.0,IBk,0.271,0.483,0.58,0.123,
BOOKKEEPER,3,32.03%,35.7%,19.97%,No sampling,Best first,Sensitive Learning,105.0,243.0,230.0,13.0,RandomForest,0.302,0.89,0.734,0.217,
BOOKKEEPER,3,32.03%,35.7%,19.97%,No sampling,Best first,Sensitive Learning,27.0,27.0,446.0,91.0,NaiveBayes,0.5,0.229,0.747,0.216,
BOOKKEEPER,3,32.03%,35.7%,19.97%,No sampling,Best first,Sensitive Learning,57.0,153.0,320.0,61.0,IBk,0.271,0.483,0.693,0.123,
BOOKKEEPER,3,32.03%,35.7%,19.97%,oversampling,No Feature Selection,No cost sensitive,72.0,131.0,342.0,46.0,RandomForest,0.355,0.61,0.72,0.262,
BOOKKEEPER,3,32.03%,35.7%,19.97%,oversampling,No Feature Selection,No cost sensitive,13.0,61.0,412.0,105.0,NaiveBayes,0.176,0.11,0.653,-0.022,
BOOKKEEPER,3,32.03%,35.7%,19.97%,oversampling,No Feature Selection,No cost sensitive,65.0,129.0,344.0,53.0,IBk,0.335,0.551,0.692,0.224,
BOOKKEEPER,3,32.03%,35.7%,19.97%,oversampling,No Feature Selection,Sensitive Threshold,104.0,232.0,241.0,14.0,RandomForest,0.31,0.881,0.695,0.231,
BOOKKEEPER,3,32.03%,35.7%,19.97%,oversampling,No Feature Selection,Sensitive Threshold,18.0,63.0,410.0,100.0,NaiveBayes,0.222,0.153,0.51,0.022,
BOOKKEEPER,3,32.03%,35.7%,19.97%,oversampling,No Feature Selection,Sensitive Threshold,66.0,164.0,309.0,52.0,IBk,0.287,0.559,0.606,0.157,
BOOKKEEPER,3,32.03%,35.7%,19.97%,oversampling,No Feature Selection,Sensitive Learning,109.0,258.0,215.0,9.0,RandomForest,0.297,0.924,0.678,0.211,
BOOKKEEPER,3,32.03%,35.7%,19.97%,oversampling,No Feature Selection,Sensitive Learning,18.0,63.0,410.0,100.0,NaiveBayes,0.222,0.153,0.653,0.022,
BOOKKEEPER,3,32.03%,35.7%,19.97%,oversampling,No Feature Selection,Sensitive Learning,66.0,164.0,309.0,52.0,IBk,0.287,0.559,0.692,0.157,
BOOKKEEPER,3,32.03%,35.7%,19.97%,oversampling,Best first,No cost sensitive,73.0,142.0,331.0,45.0,RandomForest,0.34,0.619,0.726,0.243,
BOOKKEEPER,3,32.03%,35.7%,19.97%,oversampling,Best first,No cost sensitive,31.0,27.0,446.0,87.0,NaiveBayes,0.534,0.263,0.727,0.254,
BOOKKEEPER,3,32.03%,35.7%,19.97%,oversampling,Best first,No cost sensitive,75.0,148.0,325.0,43.0,IBk,0.336,0.636,0.715,0.242,
BOOKKEEPER,3,32.03%,35.7%,19.97%,oversampling,Best first,Sensitive Threshold,98.0,238.0,235.0,20.0,RandomForest,0.292,0.831,0.664,0.193,
BOOKKEEPER,3,32.03%,35.7%,19.97%,oversampling,Best first,Sensitive Threshold,54.0,57.0,416.0,64.0,NaiveBayes,0.486,0.458,0.669,0.345,
BOOKKEEPER,3,32.03%,35.7%,19.97%,oversampling,Best first,Sensitive Threshold,77.0,189.0,284.0,41.0,IBk,0.289,0.653,0.626,0.172,
BOOKKEEPER,3,32.03%,35.7%,19.97%,oversampling,Best first,Sensitive Learning,101.0,259.0,214.0,17.0,RandomForest,0.281,0.856,0.717,0.174,
BOOKKEEPER,3,32.03%,35.7%,19.97%,oversampling,Best first,Sensitive Learning,54.0,57.0,416.0,64.0,NaiveBayes,0.486,0.458,0.727,0.345,
BOOKKEEPER,3,32.03%,35.7%,19.97%,oversampling,Best first,Sensitive Learning,77.0,189.0,284.0,41.0,IBk,0.289,0.653,0.715,0.172,
BOOKKEEPER,3,32.03%,35.7%,19.97%,undersampling,No Feature Selection,No cost sensitive,71.0,130.0,343.0,47.0,RandomForest,0.353,0.602,0.715,0.259,
BOOKKEEPER,3,32.03%,35.7%,19.97%,undersampling,No Feature Selection,No cost sensitive,10.0,48.0,425.0,108.0,NaiveBayes,0.172,0.085,0.667,-0.021,
BOOKKEEPER,3,32.03%,35.7%,19.97%,undersampling,No Feature Selection,No cost sensitive,52.0,145.0,328.0,66.0,IBk,0.264,0.441,0.631,0.107,
BOOKKEEPER,3,32.03%,35.7%,19.97%,undersampling,No Feature Selection,Sensitive Threshold,109.0,275.0,198.0,9.0,RandomForest,0.284,0.924,0.671,0.185,
BOOKKEEPER,3,32.03%,35.7%,19.97%,undersampling,No Feature Selection,Sensitive Threshold,14.0,50.0,423.0,104.0,NaiveBayes,0.219,0.119,0.506,0.016,
BOOKKEEPER,3,32.03%,35.7%,19.97%,undersampling,No Feature Selection,Sensitive Threshold,53.0,181.0,292.0,65.0,IBk,0.226,0.449,0.533,0.049,
BOOKKEEPER,3,32.03%,35.7%,19.97%,undersampling,No Feature Selection,Sensitive Learning,114.0,305.0,168.0,4.0,RandomForest,0.272,0.966,0.692,0.164,
BOOKKEEPER,3,32.03%,35.7%,19.97%,undersampling,No Feature Selection,Sensitive Learning,14.0,50.0,423.0,104.0,NaiveBayes,0.219,0.119,0.667,0.016,
BOOKKEEPER,3,32.03%,35.7%,19.97%,undersampling,No Feature Selection,Sensitive Learning,53.0,181.0,292.0,65.0,IBk,0.226,0.449,0.631,0.049,
BOOKKEEPER,3,32.03%,35.7%,19.97%,undersampling,Best first,No cost sensitive,78.0,134.0,339.0,40.0,RandomForest,0.368,0.661,0.747,0.291,
BOOKKEEPER,3,32.03%,35.7%,19.97%,undersampling,Best first,No cost sensitive,23.0,18.0,455.0,95.0,NaiveBayes,0.561,0.195,0.744,0.208,
BOOKKEEPER,3,32.03%,35.7%,19.97%,undersampling,Best first,No cost sensitive,60.0,143.0,330.0,58.0,IBk,0.296,0.508,0.66,0.162,
BOOKKEEPER,3,32.03%,35.7%,19.97%,undersampling,Best first,Sensitive Threshold,109.0,284.0,189.0,9.0,RandomForest,0.277,0.924,0.662,0.172,
BOOKKEEPER,3,32.03%,35.7%,19.97%,undersampling,Best first,Sensitive Threshold,28.0,32.0,441.0,90.0,NaiveBayes,0.467,0.237,0.585,0.208,
BOOKKEEPER,3,32.03%,35.7%,19.97%,undersampling,Best first,Sensitive Threshold,61.0,179.0,294.0,57.0,IBk,0.254,0.517,0.569,0.1,
BOOKKEEPER,3,32.03%,35.7%,19.97%,undersampling,Best first,Sensitive Learning,114.0,310.0,163.0,4.0,RandomForest,0.269,0.966,0.726,0.157,
BOOKKEEPER,3,32.03%,35.7%,19.97%,undersampling,Best first,Sensitive Learning,28.0,32.0,441.0,90.0,NaiveBayes,0.467,0.237,0.744,0.208,
BOOKKEEPER,3,32.03%,35.7%,19.97%,undersampling,Best first,Sensitive Learning,61.0,179.0,294.0,57.0,IBk,0.254,0.517,0.66,0.1,
BOOKKEEPER,3,32.03%,35.7%,19.97%,SMOTE,No Feature Selection,No cost sensitive,64.0,103.0,370.0,54.0,RandomForest,0.383,0.542,0.763,0.281,
BOOKKEEPER,3,32.03%,35.7%,19.97%,SMOTE,No Feature Selection,No cost sensitive,11.0,46.0,427.0,107.0,NaiveBayes,0.193,0.093,0.672,-0.005,
BOOKKEEPER,3,32.03%,35.7%,19.97%,SMOTE,No Feature Selection,No cost sensitive,43.0,96.0,377.0,75.0,IBk,0.309,0.364,0.661,0.151,
BOOKKEEPER,3,32.03%,35.7%,19.97%,SMOTE,No Feature Selection,Sensitive Threshold,106.0,236.0,237.0,12.0,RandomForest,0.31,0.898,0.7,0.233,
BOOKKEEPER,3,32.03%,35.7%,19.97%,SMOTE,No Feature Selection,Sensitive Threshold,14.0,49.0,424.0,104.0,NaiveBayes,0.222,0.119,0.508,0.018,
BOOKKEEPER,3,32.03%,35.7%,19.97%,SMOTE,No Feature Selection,Sensitive Threshold,48.0,152.0,321.0,70.0,IBk,0.24,0.407,0.543,0.068,
BOOKKEEPER,3,32.03%,35.7%,19.97%,SMOTE,No Feature Selection,Sensitive Learning,108.0,265.0,208.0,10.0,RandomForest,0.29,0.915,0.746,0.196,
BOOKKEEPER,3,32.03%,35.7%,19.97%,SMOTE,No Feature Selection,Sensitive Learning,14.0,49.0,424.0,104.0,NaiveBayes,0.222,0.119,0.672,0.018,
BOOKKEEPER,3,32.03%,35.7%,19.97%,SMOTE,No Feature Selection,Sensitive Learning,48.0,152.0,321.0,70.0,IBk,0.24,0.407,0.661,0.068,
BOOKKEEPER,3,32.03%,35.7%,19.97%,SMOTE,Best first,No cost sensitive,47.0,97.0,376.0,71.0,RandomForest,0.326,0.398,0.696,0.178,
BOOKKEEPER,3,32.03%,35.7%,19.97%,SMOTE,Best first,No cost sensitive,28.0,24.0,449.0,90.0,NaiveBayes,0.538,0.237,0.772,0.236,
BOOKKEEPER,3,32.03%,35.7%,19.97%,SMOTE,Best first,No cost sensitive,43.0,108.0,365.0,75.0,IBk,0.285,0.364,0.642,0.123,
BOOKKEEPER,3,32.03%,35.7%,19.97%,SMOTE,Best first,Sensitive Threshold,98.0,249.0,224.0,20.0,RandomForest,0.282,0.831,0.652,0.176,
BOOKKEEPER,3,32.03%,35.7%,19.97%,SMOTE,Best first,Sensitive Threshold,56.0,44.0,429.0,62.0,NaiveBayes,0.56,0.475,0.691,0.405,
BOOKKEEPER,3,32.03%,35.7%,19.97%,SMOTE,Best first,Sensitive Threshold,48.0,168.0,305.0,70.0,IBk,0.222,0.407,0.526,0.039,
BOOKKEEPER,3,32.03%,35.7%,19.97%,SMOTE,Best first,Sensitive Learning,103.0,284.0,189.0,15.0,RandomForest,0.266,0.873,0.68,0.147,
BOOKKEEPER,3,32.03%,35.7%,19.97%,SMOTE,Best first,Sensitive Learning,56.0,44.0,429.0,62.0,NaiveBayes,0.56,0.475,0.772,0.405,
BOOKKEEPER,3,32.03%,35.7%,19.97%,SMOTE,Best first,Sensitive Learning,48.0,168.0,305.0,70.0,IBk,0.222,0.407,0.642,0.039,
BOOKKEEPER,4,47.83%,30.46%,19.32%,No sampling,No Feature Selection,No cost sensitive,64.0,58.0,439.0,55.0,RandomForest,0.525,0.538,0.783,0.417,
BOOKKEEPER,4,47.83%,30.46%,19.32%,No sampling,No Feature Selection,No cost sensitive,1.0,6.0,491.0,118.0,NaiveBayes,0.143,0.008,0.799,-0.006,
BOOKKEEPER,4,47.83%,30.46%,19.32%,No sampling,No Feature Selection,No cost sensitive,59.0,87.0,410.0,60.0,IBk,0.404,0.496,0.734,0.295,
BOOKKEEPER,4,47.83%,30.46%,19.32%,No sampling,No Feature Selection,Sensitive Threshold,94.0,209.0,288.0,25.0,RandomForest,0.31,0.79,0.685,0.233,
BOOKKEEPER,4,47.83%,30.46%,19.32%,No sampling,No Feature Selection,Sensitive Threshold,1.0,8.0,489.0,118.0,NaiveBayes,0.111,0.008,0.496,-0.012,
BOOKKEEPER,4,47.83%,30.46%,19.32%,No sampling,No Feature Selection,Sensitive Threshold,67.0,186.0,311.0,52.0,IBk,0.265,0.563,0.594,0.132,
BOOKKEEPER,4,47.83%,30.46%,19.32%,No sampling,No Feature Selection,Sensitive Learning,91.0,220.0,277.0,28.0,RandomForest,0.293,0.765,0.765,0.2,
BOOKKEEPER,4,47.83%,30.46%,19.32%,No sampling,No Feature Selection,Sensitive Learning,1.0,8.0,489.0,118.0,NaiveBayes,0.111,0.008,0.799,-0.012,
BOOKKEEPER,4,47.83%,30.46%,19.32%,No sampling,No Feature Selection,Sensitive Learning,67.0,186.0,311.0,52.0,IBk,0.265,0.563,0.734,0.132,
BOOKKEEPER,4,47.83%,30.46%,19.32%,No sampling,Best first,No cost sensitive,57.0,47.0,450.0,62.0,RandomForest,0.548,0.479,0.793,0.404,
BOOKKEEPER,4,47.83%,30.46%,19.32%,No sampling,Best first,No cost sensitive,8.0,1.0,496.0,111.0,NaiveBayes,0.889,0.067,0.81,0.101,
BOOKKEEPER,4,47.83%,30.46%,19.32%,No sampling,Best first,No cost sensitive,64.0,87.0,410.0,55.0,IBk,0.424,0.538,0.75,0.329,
BOOKKEEPER,4,47.83%,30.46%,19.32%,No sampling,Best first,Sensitive Threshold,94.0,212.0,285.0,25.0,RandomForest,0.307,0.79,0.682,0.227,
BOOKKEEPER,4,47.83%,30.46%,19.32%,No sampling,Best first,Sensitive Threshold,37.0,21.0,476.0,82.0,NaiveBayes,0.638,0.311,0.634,0.334,
BOOKKEEPER,4,47.83%,30.46%,19.32%,No sampling,Best first,Sensitive Threshold,72.0,190.0,307.0,47.0,IBk,0.275,0.605,0.611,0.153,
BOOKKEEPER,4,47.83%,30.46%,19.32%,No sampling,Best first,Sensitive Learning,94.0,222.0,275.0,25.0,RandomForest,0.297,0.79,0.787,0.211,
BOOKKEEPER,4,47.83%,30.46%,19.32%,No sampling,Best first,Sensitive Learning,37.0,21.0,476.0,82.0,NaiveBayes,0.638,0.311,0.81,0.334,
BOOKKEEPER,4,47.83%,30.46%,19.32%,No sampling,Best first,Sensitive Learning,72.0,190.0,307.0,47.0,IBk,0.275,0.605,0.75,0.153,
BOOKKEEPER,4,47.83%,30.46%,19.32%,oversampling,No Feature Selection,No cost sensitive,72.0,115.0,382.0,47.0,RandomForest,0.385,0.605,0.759,0.307,
BOOKKEEPER,4,47.83%,30.46%,19.32%,oversampling,No Feature Selection,No cost sensitive,1.0,8.0,489.0,118.0,NaiveBayes,0.111,0.008,0.8,-0.012,
BOOKKEEPER,4,47.83%,30.46%,19.32%,oversampling,No Feature Selection,No cost sensitive,62.0,115.0,382.0,57.0,IBk,0.35,0.521,0.724,0.244,
BOOKKEEPER,4,47.83%,30.46%,19.32%,oversampling,No Feature Selection,Sensitive Threshold,95.0,220.0,277.0,24.0,RandomForest,0.302,0.798,0.678,0.219,
BOOKKEEPER,4,47.83%,30.46%,19.32%,oversampling,No Feature Selection,Sensitive Threshold,2.0,8.0,489.0,117.0,NaiveBayes,0.2,0.017,0.5,0.001,
BOOKKEEPER,4,47.83%,30.46%,19.32%,oversampling,No Feature Selection,Sensitive Threshold,72.0,188.0,309.0,47.0,IBk,0.277,0.605,0.613,0.156,
BOOKKEEPER,4,47.83%,30.46%,19.32%,oversampling,No Feature Selection,Sensitive Learning,100.0,236.0,261.0,19.0,RandomForest,0.298,0.84,0.744,0.216,
BOOKKEEPER,4,47.83%,30.46%,19.32%,oversampling,No Feature Selection,Sensitive Learning,2.0,8.0,489.0,117.0,NaiveBayes,0.2,0.017,0.8,0.001,
BOOKKEEPER,4,47.83%,30.46%,19.32%,oversampling,No Feature Selection,Sensitive Learning,72.0,185.0,312.0,47.0,IBk,0.28,0.605,0.723,0.162,
BOOKKEEPER,4,47.83%,30.46%,19.32%,oversampling,Best first,No cost sensitive,68.0,110.0,387.0,51.0,RandomForest,0.382,0.571,0.757,0.295,
BOOKKEEPER,4,47.83%,30.46%,19.32%,oversampling,Best first,No cost sensitive,19.0,5.0,492.0,100.0,NaiveBayes,0.792,0.16,0.811,0.215,
BOOKKEEPER,4,47.83%,30.46%,19.32%,oversampling,Best first,No cost sensitive,67.0,115.0,382.0,52.0,IBk,0.368,0.563,0.734,0.276,
BOOKKEEPER,4,47.83%,30.46%,19.32%,oversampling,Best first,Sensitive Threshold,93.0,226.0,271.0,26.0,RandomForest,0.292,0.782,0.663,0.199,
BOOKKEEPER,4,47.83%,30.46%,19.32%,oversampling,Best first,Sensitive Threshold,119.0,497.0,0.0,0.0,NaiveBayes,0.193,1.0,0.5,0.0,
BOOKKEEPER,4,47.83%,30.46%,19.32%,oversampling,Best first,Sensitive Threshold,77.0,191.0,306.0,42.0,IBk,0.287,0.647,0.631,0.178,
BOOKKEEPER,4,47.83%,30.46%,19.32%,oversampling,Best first,Sensitive Learning,97.0,243.0,254.0,22.0,RandomForest,0.285,0.815,0.753,0.191,
BOOKKEEPER,4,47.83%,30.46%,19.32%,oversampling,Best first,Sensitive Learning,119.0,497.0,0.0,0.0,NaiveBayes,0.193,1.0,0.811,0.0,
BOOKKEEPER,4,47.83%,30.46%,19.32%,oversampling,Best first,Sensitive Learning,77.0,188.0,309.0,42.0,IBk,0.291,0.647,0.733,0.183,
BOOKKEEPER,4,47.83%,30.46%,19.32%,undersampling,No Feature Selection,No cost sensitive,85.0,118.0,379.0,34.0,RandomForest,0.419,0.714,0.777,0.376,
BOOKKEEPER,4,47.83%,30.46%,19.32%,undersampling,No Feature Selection,No cost sensitive,1.0,7.0,490.0,118.0,NaiveBayes,0.125,0.008,0.826,-0.009,
BOOKKEEPER,4,47.83%,30.46%,19.32%,undersampling,No Feature Selection,No cost sensitive,80.0,150.0,347.0,39.0,IBk,0.348,0.672,0.739,0.273,
BOOKKEEPER,4,47.83%,30.46%,19.32%,undersampling,No Feature Selection,Sensitive Threshold,107.0,285.0,212.0,12.0,RandomForest,0.273,0.899,0.663,0.174,
BOOKKEEPER,4,47.83%,30.46%,19.32%,undersampling,No Feature Selection,Sensitive Threshold,2.0,7.0,490.0,117.0,NaiveBayes,0.222,0.017,0.501,0.004,
BOOKKEEPER,4,47.83%,30.46%,19.32%,undersampling,No Feature Selection,Sensitive Threshold,83.0,221.0,276.0,36.0,IBk,0.273,0.697,0.626,0.159,
BOOKKEEPER,4,47.83%,30.46%,19.32%,undersampling,No Feature Selection,Sensitive Learning,113.0,320.0,177.0,6.0,RandomForest,0.261,0.95,0.759,0.153,
BOOKKEEPER,4,47.83%,30.46%,19.32%,undersampling,No Feature Selection,Sensitive Learning,2.0,7.0,490.0,117.0,NaiveBayes,0.222,0.017,0.826,0.004,
BOOKKEEPER,4,47.83%,30.46%,19.32%,undersampling,No Feature Selection,Sensitive Learning,83.0,221.0,276.0,36.0,IBk,0.273,0.697,0.738,0.159,
BOOKKEEPER,4,47.83%,30.46%,19.32%,undersampling,Best first,No cost sensitive,83.0,114.0,383.0,36.0,RandomForest,0.421,0.697,0.79,0.375,
BOOKKEEPER,4,47.83%,30.46%,19.32%,undersampling,Best first,No cost sensitive,19.0,5.0,492.0,100.0,NaiveBayes,0.792,0.16,0.838,0.215,
BOOKKEEPER,4,47.83%,30.46%,19.32%,undersampling,Best first,No cost sensitive,79.0,151.0,346.0,40.0,IBk,0.343,0.664,0.734,0.266,
BOOKKEEPER,4,47.83%,30.46%,19.32%,undersampling,Best first,Sensitive Threshold,110.0,293.0,204.0,9.0,RandomForest,0.273,0.924,0.667,0.176,
BOOKKEEPER,4,47.83%,30.46%,19.32%,undersampling,Best first,Sensitive Threshold,119.0,497.0,0.0,0.0,NaiveBayes,0.193,1.0,0.5,0.0,
BOOKKEEPER,4,47.83%,30.46%,19.32%,undersampling,Best first,Sensitive Threshold,83.0,224.0,273.0,36.0,IBk,0.27,0.697,0.623,0.154,
BOOKKEEPER,4,47.83%,30.46%,19.32%,undersampling,Best first,Sensitive Learning,114.0,328.0,169.0,5.0,RandomForest,0.258,0.958,0.781,0.147,
BOOKKEEPER,4,47.83%,30.46%,19.32%,undersampling,Best first,Sensitive Learning,119.0,497.0,0.0,0.0,NaiveBayes,0.193,1.0,0.838,0.0,
BOOKKEEPER,4,47.83%,30.46%,19.32%,undersampling,Best first,Sensitive Learning,83.0,224.0,273.0,36.0,IBk,0.27,0.697,0.734,0.154,
BOOKKEEPER,4,47.83%,30.46%,19.32%,SMOTE,No Feature Selection,No cost sensitive,74.0,90.0,407.0,45.0,RandomForest,0.451,0.622,0.772,0.385,
BOOKKEEPER,4,47.83%,30.46%,19.32%,SMOTE,No Feature Selection,No cost sensitive,1.0,6.0,491.0,118.0,NaiveBayes,0.143,0.008,0.831,-0.006,
BOOKKEEPER,4,47.83%,30.46%,19.32%,SMOTE,No Feature Selection,No cost sensitive,63.0,100.0,397.0,56.0,IBk,0.387,0.529,0.729,0.288,
BOOKKEEPER,4,47.83%,30.46%,19.32%,SMOTE,No Feature Selection,Sensitive Threshold,95.0,228.0,269.0,24.0,RandomForest,0.294,0.798,0.67,0.206,
BOOKKEEPER,4,47.83%,30.46%,19.32%,SMOTE,No Feature Selection,Sensitive Threshold,2.0,8.0,489.0,117.0,NaiveBayes,0.2,0.017,0.5,0.001,
BOOKKEEPER,4,47.83%,30.46%,19.32%,SMOTE,No Feature Selection,Sensitive Threshold,68.0,192.0,305.0,51.0,IBk,0.262,0.571,0.593,0.128,
BOOKKEEPER,4,47.83%,30.46%,19.32%,SMOTE,No Feature Selection,Sensitive Learning,103.0,251.0,246.0,16.0,RandomForest,0.291,0.866,0.772,0.206,
BOOKKEEPER,4,47.83%,30.46%,19.32%,SMOTE,No Feature Selection,Sensitive Learning,2.0,8.0,489.0,117.0,NaiveBayes,0.2,0.017,0.831,0.001,
BOOKKEEPER,4,47.83%,30.46%,19.32%,SMOTE,No Feature Selection,Sensitive Learning,68.0,192.0,305.0,51.0,IBk,0.262,0.571,0.73,0.128,
BOOKKEEPER,4,47.83%,30.46%,19.32%,SMOTE,Best first,No cost sensitive,62.0,85.0,412.0,57.0,RandomForest,0.422,0.521,0.755,0.321,
BOOKKEEPER,4,47.83%,30.46%,19.32%,SMOTE,Best first,No cost sensitive,22.0,6.0,491.0,97.0,NaiveBayes,0.786,0.185,0.84,0.244,
BOOKKEEPER,4,47.83%,30.46%,19.32%,SMOTE,Best first,No cost sensitive,64.0,103.0,394.0,55.0,IBk,0.383,0.538,0.73,0.287,
BOOKKEEPER,4,47.83%,30.46%,19.32%,SMOTE,Best first,Sensitive Threshold,92.0,231.0,266.0,27.0,RandomForest,0.285,0.773,0.654,0.187,
BOOKKEEPER,4,47.83%,30.46%,19.32%,SMOTE,Best first,Sensitive Threshold,70.0,69.0,428.0,49.0,NaiveBayes,0.504,0.588,0.725,0.422,
BOOKKEEPER,4,47.83%,30.46%,19.32%,SMOTE,Best first,Sensitive Threshold,69.0,198.0,299.0,50.0,IBk,0.258,0.58,0.591,0.123,
BOOKKEEPER,4,47.83%,30.46%,19.32%,SMOTE,Best first,Sensitive Learning,103.0,260.0,237.0,16.0,RandomForest,0.284,0.866,0.764,0.192,
BOOKKEEPER,4,47.83%,30.46%,19.32%,SMOTE,Best first,Sensitive Learning,70.0,69.0,428.0,49.0,NaiveBayes,0.504,0.588,0.84,0.422,
BOOKKEEPER,4,47.83%,30.46%,19.32%,SMOTE,Best first,Sensitive Learning,69.0,198.0,299.0,50.0,IBk,0.258,0.58,0.731,0.123,
BOOKKEEPER,5,64.3%,27.57%,14.68%,No sampling,No Feature Selection,No cost sensitive,63.0,49.0,509.0,33.0,RandomForest,0.563,0.656,0.886,0.532,
BOOKKEEPER,5,64.3%,27.57%,14.68%,No sampling,No Feature Selection,No cost sensitive,6.0,5.0,553.0,90.0,NaiveBayes,0.545,0.063,0.796,0.085,
BOOKKEEPER,5,64.3%,27.57%,14.68%,No sampling,No Feature Selection,No cost sensitive,67.0,55.0,503.0,29.0,IBk,0.549,0.698,0.859,0.539,
BOOKKEEPER,5,64.3%,27.57%,14.68%,No sampling,No Feature Selection,Sensitive Threshold,90.0,236.0,322.0,6.0,RandomForest,0.276,0.938,0.757,0.258,
BOOKKEEPER,5,64.3%,27.57%,14.68%,No sampling,No Feature Selection,Sensitive Threshold,6.0,5.0,553.0,90.0,NaiveBayes,0.545,0.063,0.527,0.085,
BOOKKEEPER,5,64.3%,27.57%,14.68%,No sampling,No Feature Selection,Sensitive Threshold,78.0,186.0,372.0,18.0,IBk,0.295,0.813,0.74,0.278,
BOOKKEEPER,5,64.3%,27.57%,14.68%,No sampling,No Feature Selection,Sensitive Learning,90.0,246.0,312.0,6.0,RandomForest,0.268,0.938,0.877,0.244,
BOOKKEEPER,5,64.3%,27.57%,14.68%,No sampling,No Feature Selection,Sensitive Learning,6.0,5.0,553.0,90.0,NaiveBayes,0.545,0.063,0.796,0.085,
BOOKKEEPER,5,64.3%,27.57%,14.68%,No sampling,No Feature Selection,Sensitive Learning,78.0,183.0,375.0,18.0,IBk,0.299,0.813,0.858,0.283,
BOOKKEEPER,5,64.3%,27.57%,14.68%,No sampling,Best first,No cost sensitive,64.0,48.0,510.0,32.0,RandomForest,0.571,0.667,0.882,0.543,
BOOKKEEPER,5,64.3%,27.57%,14.68%,No sampling,Best first,No cost sensitive,9.0,6.0,552.0,87.0,NaiveBayes,0.6,0.094,0.8,0.128,
BOOKKEEPER,5,64.3%,27.57%,14.68%,No sampling,Best first,No cost sensitive,63.0,53.0,505.0,33.0,IBk,0.543,0.656,0.841,0.517,
BOOKKEEPER,5,64.3%,27.57%,14.68%,No sampling,Best first,Sensitive Threshold,89.0,232.0,326.0,7.0,RandomForest,0.277,0.927,0.756,0.26,
BOOKKEEPER,5,64.3%,27.57%,14.68%,No sampling,Best first,Sensitive Threshold,27.0,30.0,528.0,69.0,NaiveBayes,0.474,0.281,0.614,0.273,
BOOKKEEPER,5,64.3%,27.57%,14.68%,No sampling,Best first,Sensitive Threshold,74.0,184.0,374.0,22.0,IBk,0.287,0.771,0.721,0.26,
BOOKKEEPER,5,64.3%,27.57%,14.68%,No sampling,Best first,Sensitive Learning,90.0,242.0,316.0,6.0,RandomForest,0.271,0.938,0.883,0.25,
BOOKKEEPER,5,64.3%,27.57%,14.68%,No sampling,Best first,Sensitive Learning,27.0,30.0,528.0,69.0,NaiveBayes,0.474,0.281,0.8,0.273,
BOOKKEEPER,5,64.3%,27.57%,14.68%,No sampling,Best first,Sensitive Learning,74.0,181.0,377.0,22.0,IBk,0.29,0.771,0.84,0.265,
BOOKKEEPER,5,64.3%,27.57%,14.68%,oversampling,No Feature Selection,No cost sensitive,73.0,118.0,440.0,23.0,RandomForest,0.382,0.76,0.847,0.389,
BOOKKEEPER,5,64.3%,27.57%,14.68%,oversampling,No Feature Selection,No cost sensitive,7.0,6.0,552.0,89.0,NaiveBayes,0.538,0.073,0.781,0.097,
BOOKKEEPER,5,64.3%,27.57%,14.68%,oversampling,No Feature Selection,No cost sensitive,74.0,127.0,431.0,22.0,IBk,0.368,0.771,0.832,0.374,
BOOKKEEPER,5,64.3%,27.57%,14.68%,oversampling,No Feature Selection,Sensitive Threshold,89.0,258.0,300.0,7.0,RandomForest,0.256,0.927,0.732,0.223,
BOOKKEEPER,5,64.3%,27.57%,14.68%,oversampling,No Feature Selection,Sensitive Threshold,11.0,7.0,551.0,85.0,NaiveBayes,0.611,0.115,0.551,0.154,
BOOKKEEPER,5,64.3%,27.57%,14.68%,oversampling,No Feature Selection,Sensitive Threshold,79.0,217.0,341.0,17.0,IBk,0.267,0.823,0.717,0.233,
BOOKKEEPER,5,64.3%,27.57%,14.68%,oversampling,No Feature Selection,Sensitive Learning,91.0,281.0,277.0,5.0,RandomForest,0.245,0.948,0.831,0.203,
BOOKKEEPER,5,64.3%,27.57%,14.68%,oversampling,No Feature Selection,Sensitive Learning,11.0,7.0,551.0,85.0,NaiveBayes,0.611,0.115,0.781,0.154,
BOOKKEEPER,5,64.3%,27.57%,14.68%,oversampling,No Feature Selection,Sensitive Learning,79.0,217.0,341.0,17.0,IBk,0.267,0.823,0.831,0.233,
BOOKKEEPER,5,64.3%,27.57%,14.68%,oversampling,Best first,No cost sensitive,77.0,117.0,441.0,19.0,RandomForest,0.397,0.802,0.855,0.416,
BOOKKEEPER,5,64.3%,27.57%,14.68%,oversampling,Best first,No cost sensitive,16.0,18.0,540.0,80.0,NaiveBayes,0.471,0.167,0.772,0.183,
BOOKKEEPER,5,64.3%,27.57%,14.68%,oversampling,Best first,No cost sensitive,71.0,123.0,435.0,25.0,IBk,0.366,0.74,0.82,0.365,
BOOKKEEPER,5,64.3%,27.57%,14.68%,oversampling,Best first,Sensitive Threshold,90.0,258.0,300.0,6.0,RandomForest,0.259,0.938,0.738,0.228,
BOOKKEEPER,5,64.3%,27.57%,14.68%,oversampling,Best first,Sensitive Threshold,94.0,556.0,2.0,2.0,NaiveBayes,0.145,0.979,0.491,-0.005,
BOOKKEEPER,5,64.3%,27.57%,14.68%,oversampling,Best first,Sensitive Threshold,76.0,213.0,345.0,20.0,IBk,0.263,0.792,0.705,0.224,
BOOKKEEPER,5,64.3%,27.57%,14.68%,oversampling,Best first,Sensitive Learning,90.0,283.0,275.0,6.0,RandomForest,0.241,0.938,0.844,0.196,
BOOKKEEPER,5,64.3%,27.57%,14.68%,oversampling,Best first,Sensitive Learning,94.0,556.0,2.0,2.0,NaiveBayes,0.145,0.979,0.772,-0.005,
BOOKKEEPER,5,64.3%,27.57%,14.68%,oversampling,Best first,Sensitive Learning,76.0,213.0,345.0,20.0,IBk,0.263,0.792,0.819,0.224,
BOOKKEEPER,5,64.3%,27.57%,14.68%,undersampling,No Feature Selection,No cost sensitive,80.0,148.0,410.0,16.0,RandomForest,0.351,0.833,0.84,0.362,
BOOKKEEPER,5,64.3%,27.57%,14.68%,undersampling,No Feature Selection,No cost sensitive,6.0,4.0,554.0,90.0,NaiveBayes,0.6,0.063,0.793,0.088,
BOOKKEEPER,5,64.3%,27.57%,14.68%,undersampling,No Feature Selection,No cost sensitive,80.0,157.0,401.0,16.0,IBk,0.338,0.833,0.825,0.343,
BOOKKEEPER,5,64.3%,27.57%,14.68%,undersampling,No Feature Selection,Sensitive Threshold,94.0,329.0,229.0,2.0,RandomForest,0.222,0.979,0.695,0.162,
BOOKKEEPER,5,64.3%,27.57%,14.68%,undersampling,No Feature Selection,Sensitive Threshold,7.0,5.0,553.0,89.0,NaiveBayes,0.583,0.073,0.532,0.1,
BOOKKEEPER,5,64.3%,27.57%,14.68%,undersampling,No Feature Selection,Sensitive Threshold,88.0,269.0,289.0,8.0,IBk,0.246,0.917,0.717,0.204,
BOOKKEEPER,5,64.3%,27.57%,14.68%,undersampling,No Feature Selection,Sensitive Learning,95.0,351.0,207.0,1.0,RandomForest,0.213,0.99,0.838,0.144,
BOOKKEEPER,5,64.3%,27.57%,14.68%,undersampling,No Feature Selection,Sensitive Learning,7.0,5.0,553.0,89.0,NaiveBayes,0.583,0.073,0.793,0.1,
BOOKKEEPER,5,64.3%,27.57%,14.68%,undersampling,No Feature Selection,Sensitive Learning,88.0,269.0,289.0,8.0,IBk,0.246,0.917,0.825,0.204,
BOOKKEEPER,5,64.3%,27.57%,14.68%,undersampling,Best first,No cost sensitive,78.0,140.0,418.0,18.0,RandomForest,0.358,0.813,0.847,0.368,
BOOKKEEPER,5,64.3%,27.57%,14.68%,undersampling,Best first,No cost sensitive,16.0,17.0,541.0,80.0,NaiveBayes,0.485,0.167,0.797,0.187,
BOOKKEEPER,5,64.3%,27.57%,14.68%,undersampling,Best first,No cost sensitive,74.0,152.0,406.0,22.0,IBk,0.327,0.771,0.8,0.319,
BOOKKEEPER,5,64.3%,27.57%,14.68%,undersampling,Best first,Sensitive Threshold,93.0,325.0,233.0,3.0,RandomForest,0.222,0.969,0.693,0.162,
BOOKKEEPER,5,64.3%,27.57%,14.68%,undersampling,Best first,Sensitive Threshold,96.0,558.0,0.0,0.0,NaiveBayes,0.147,1.0,0.5,0.0,
BOOKKEEPER,5,64.3%,27.57%,14.68%,undersampling,Best first,Sensitive Threshold,82.0,264.0,294.0,14.0,IBk,0.237,0.854,0.691,0.183,
BOOKKEEPER,5,64.3%,27.57%,14.68%,undersampling,Best first,Sensitive Learning,95.0,350.0,208.0,1.0,RandomForest,0.213,0.99,0.845,0.145,
BOOKKEEPER,5,64.3%,27.57%,14.68%,undersampling,Best first,Sensitive Learning,96.0,558.0,0.0,0.0,NaiveBayes,0.147,1.0,0.797,0.0,
BOOKKEEPER,5,64.3%,27.57%,14.68%,undersampling,Best first,Sensitive Learning,82.0,264.0,294.0,14.0,IBk,0.237,0.854,0.8,0.183,
BOOKKEEPER,5,64.3%,27.57%,14.68%,SMOTE,No Feature Selection,No cost sensitive,71.0,70.0,488.0,25.0,RandomForest,0.504,0.74,0.882,0.514,
BOOKKEEPER,5,64.3%,27.57%,14.68%,SMOTE,No Feature Selection,No cost sensitive,7.0,5.0,553.0,89.0,NaiveBayes,0.583,0.073,0.798,0.1,
BOOKKEEPER,5,64.3%,27.57%,14.68%,SMOTE,No Feature Selection,No cost sensitive,71.0,64.0,494.0,25.0,IBk,0.526,0.74,0.861,0.535,
BOOKKEEPER,5,64.3%,27.57%,14.68%,SMOTE,No Feature Selection,Sensitive Threshold,90.0,256.0,302.0,6.0,RandomForest,0.26,0.938,0.739,0.23,
BOOKKEEPER,5,64.3%,27.57%,14.68%,SMOTE,No Feature Selection,Sensitive Threshold,10.0,7.0,551.0,86.0,NaiveBayes,0.588,0.104,0.546,0.139,
BOOKKEEPER,5,64.3%,27.57%,14.68%,SMOTE,No Feature Selection,Sensitive Threshold,79.0,188.0,370.0,17.0,IBk,0.296,0.823,0.743,0.28,
BOOKKEEPER,5,64.3%,27.57%,14.68%,SMOTE,No Feature Selection,Sensitive Learning,93.0,294.0,264.0,3.0,RandomForest,0.24,0.969,0.879,0.196,
BOOKKEEPER,5,64.3%,27.57%,14.68%,SMOTE,No Feature Selection,Sensitive Learning,10.0,7.0,551.0,86.0,NaiveBayes,0.588,0.104,0.798,0.139,
BOOKKEEPER,5,64.3%,27.57%,14.68%,SMOTE,No Feature Selection,Sensitive Learning,79.0,185.0,373.0,17.0,IBk,0.299,0.823,0.861,0.285,
BOOKKEEPER,5,64.3%,27.57%,14.68%,SMOTE,Best first,No cost sensitive,69.0,64.0,494.0,27.0,RandomForest,0.519,0.719,0.885,0.521,
BOOKKEEPER,5,64.3%,27.57%,14.68%,SMOTE,Best first,No cost sensitive,25.0,24.0,534.0,71.0,NaiveBayes,0.51,0.26,0.8,0.273,
BOOKKEEPER,5,64.3%,27.57%,14.68%,SMOTE,Best first,No cost sensitive,74.0,66.0,492.0,22.0,IBk,0.529,0.771,0.871,0.548,
BOOKKEEPER,5,64.3%,27.57%,14.68%,SMOTE,Best first,Sensitive Threshold,90.0,250.0,308.0,6.0,RandomForest,0.265,0.938,0.745,0.239,
BOOKKEEPER,5,64.3%,27.57%,14.68%,SMOTE,Best first,Sensitive Threshold,50.0,114.0,444.0,46.0,NaiveBayes,0.305,0.521,0.658,0.245,
BOOKKEEPER,5,64.3%,27.57%,14.68%,SMOTE,Best first,Sensitive Threshold,82.0,190.0,368.0,14.0,IBk,0.301,0.854,0.757,0.292,
BOOKKEEPER,5,64.3%,27.57%,14.68%,SMOTE,Best first,Sensitive Learning,92.0,290.0,268.0,4.0,RandomForest,0.241,0.958,0.881,0.196,
BOOKKEEPER,5,64.3%,27.57%,14.68%,SMOTE,Best first,Sensitive Learning,50.0,114.0,444.0,46.0,NaiveBayes,0.305,0.521,0.8,0.245,
BOOKKEEPER,5,64.3%,27.57%,14.68%,SMOTE,Best first,Sensitive Learning,82.0,187.0,371.0,14.0,IBk,0.305,0.854,0.87,0.297,
BOOKKEEPER,6,81.79%,24.82%,64.3%,No sampling,No Feature Selection,No cost sensitive,63.0,48.0,193.0,371.0,RandomForest,0.568,0.145,0.495,-0.042,
BOOKKEEPER,6,81.79%,24.82%,64.3%,No sampling,No Feature Selection,No cost sensitive,4.0,3.0,238.0,430.0,NaiveBayes,0.571,0.009,0.431,-0.002,
BOOKKEEPER,6,81.79%,24.82%,64.3%,No sampling,No Feature Selection,No cost sensitive,63.0,42.0,199.0,371.0,IBk,0.6,0.145,0.517,-0.022,
BOOKKEEPER,6,81.79%,24.82%,64.3%,No sampling,No Feature Selection,Sensitive Threshold,190.0,107.0,134.0,244.0,RandomForest,0.64,0.438,0.497,-0.006,
BOOKKEEPER,6,81.79%,24.82%,64.3%,No sampling,No Feature Selection,Sensitive Threshold,6.0,4.0,237.0,428.0,NaiveBayes,0.6,0.014,0.499,-0.002,
BOOKKEEPER,6,81.79%,24.82%,64.3%,No sampling,No Feature Selection,Sensitive Threshold,160.0,71.0,170.0,274.0,IBk,0.693,0.369,0.537,0.062,
BOOKKEEPER,6,81.79%,24.82%,64.3%,No sampling,No Feature Selection,Sensitive Learning,193.0,105.0,136.0,241.0,RandomForest,0.648,0.445,0.511,0.008,
BOOKKEEPER,6,81.79%,24.82%,64.3%,No sampling,No Feature Selection,Sensitive Learning,6.0,4.0,237.0,428.0,NaiveBayes,0.6,0.014,0.431,-0.002,
BOOKKEEPER,6,81.79%,24.82%,64.3%,No sampling,No Feature Selection,Sensitive Learning,160.0,71.0,170.0,274.0,IBk,0.693,0.369,0.517,0.062,
BOOKKEEPER,6,81.79%,24.82%,64.3%,No sampling,Best first,No cost sensitive,64.0,44.0,197.0,370.0,RandomForest,0.593,0.147,0.503,-0.027,
BOOKKEEPER,6,81.79%,24.82%,64.3%,No sampling,Best first,No cost sensitive,6.0,3.0,238.0,428.0,NaiveBayes,0.667,0.014,0.435,0.001,
BOOKKEEPER,6,81.79%,24.82%,64.3%,No sampling,Best first,No cost sensitive,64.0,40.0,201.0,370.0,IBk,0.615,0.147,0.524,-0.014,
BOOKKEEPER,6,81.79%,24.82%,64.3%,No sampling,Best first,Sensitive Threshold,188.0,102.0,139.0,246.0,RandomForest,0.648,0.433,0.505,0.009,
BOOKKEEPER,6,81.79%,24.82%,64.3%,No sampling,Best first,Sensitive Threshold,24.0,18.0,223.0,410.0,NaiveBayes,0.571,0.055,0.49,-0.014,
BOOKKEEPER,6,81.79%,24.82%,64.3%,No sampling,Best first,Sensitive Threshold,161.0,68.0,173.0,273.0,IBk,0.703,0.371,0.544,0.075,
BOOKKEEPER,6,81.79%,24.82%,64.3%,No sampling,Best first,Sensitive Learning,188.0,99.0,142.0,246.0,RandomForest,0.655,0.433,0.512,0.02,
BOOKKEEPER,6,81.79%,24.82%,64.3%,No sampling,Best first,Sensitive Learning,24.0,18.0,223.0,410.0,NaiveBayes,0.571,0.055,0.435,-0.014,
BOOKKEEPER,6,81.79%,24.82%,64.3%,No sampling,Best first,Sensitive Learning,161.0,68.0,173.0,273.0,IBk,0.703,0.371,0.524,0.075,
BOOKKEEPER,6,81.79%,24.82%,64.3%,oversampling,No Feature Selection,No cost sensitive,103.0,70.0,171.0,331.0,RandomForest,0.595,0.237,0.503,-0.043,
BOOKKEEPER,6,81.79%,24.82%,64.3%,oversampling,No Feature Selection,No cost sensitive,5.0,6.0,235.0,429.0,NaiveBayes,0.455,0.012,0.431,-0.01,
BOOKKEEPER,6,81.79%,24.82%,64.3%,oversampling,No Feature Selection,No cost sensitive,95.0,64.0,177.0,339.0,IBk,0.597,0.219,0.501,-0.037,
BOOKKEEPER,6,81.79%,24.82%,64.3%,oversampling,No Feature Selection,Sensitive Threshold,216.0,119.0,122.0,218.0,RandomForest,0.645,0.498,0.502,0.004,
BOOKKEEPER,6,81.79%,24.82%,64.3%,oversampling,No Feature Selection,Sensitive Threshold,8.0,7.0,234.0,426.0,NaiveBayes,0.533,0.018,0.495,-0.008,
BOOKKEEPER,6,81.79%,24.82%,64.3%,oversampling,No Feature Selection,Sensitive Threshold,197.0,87.0,154.0,237.0,IBk,0.694,0.454,0.546,0.082,
BOOKKEEPER,6,81.79%,24.82%,64.3%,oversampling,No Feature Selection,Sensitive Learning,240.0,125.0,116.0,194.0,RandomForest,0.658,0.553,0.519,0.032,
BOOKKEEPER,6,81.79%,24.82%,64.3%,oversampling,No Feature Selection,Sensitive Learning,8.0,7.0,234.0,426.0,NaiveBayes,0.533,0.018,0.431,-0.008,
BOOKKEEPER,6,81.79%,24.82%,64.3%,oversampling,No Feature Selection,Sensitive Learning,197.0,87.0,154.0,237.0,IBk,0.694,0.454,0.501,0.082,
BOOKKEEPER,6,81.79%,24.82%,64.3%,oversampling,Best first,No cost sensitive,99.0,68.0,173.0,335.0,RandomForest,0.593,0.228,0.505,-0.043,
BOOKKEEPER,6,81.79%,24.82%,64.3%,oversampling,Best first,No cost sensitive,9.0,6.0,235.0,425.0,NaiveBayes,0.6,0.021,0.449,-0.003,
BOOKKEEPER,6,81.79%,24.82%,64.3%,oversampling,Best first,No cost sensitive,93.0,60.0,181.0,341.0,IBk,0.608,0.214,0.509,-0.028,
BOOKKEEPER,6,81.79%,24.82%,64.3%,oversampling,Best first,Sensitive Threshold,214.0,117.0,124.0,220.0,RandomForest,0.647,0.493,0.504,0.007,
BOOKKEEPER,6,81.79%,24.82%,64.3%,oversampling,Best first,Sensitive Threshold,431.0,239.0,2.0,3.0,NaiveBayes,0.643,0.993,0.501,0.002,
BOOKKEEPER,6,81.79%,24.82%,64.3%,oversampling,Best first,Sensitive Threshold,195.0,83.0,158.0,239.0,IBk,0.701,0.449,0.552,0.092,
BOOKKEEPER,6,81.79%,24.82%,64.3%,oversampling,Best first,Sensitive Learning,237.0,121.0,120.0,197.0,RandomForest,0.662,0.546,0.521,0.041,
BOOKKEEPER,6,81.79%,24.82%,64.3%,oversampling,Best first,Sensitive Learning,431.0,239.0,2.0,3.0,NaiveBayes,0.643,0.993,0.449,0.002,
BOOKKEEPER,6,81.79%,24.82%,64.3%,oversampling,Best first,Sensitive Learning,195.0,83.0,158.0,239.0,IBk,0.701,0.449,0.509,0.092,
BOOKKEEPER,6,81.79%,24.82%,64.3%,undersampling,No Feature Selection,No cost sensitive,112.0,88.0,153.0,322.0,RandomForest,0.56,0.258,0.496,-0.088,
BOOKKEEPER,6,81.79%,24.82%,64.3%,undersampling,No Feature Selection,No cost sensitive,7.0,4.0,237.0,427.0,NaiveBayes,0.636,0.016,0.429,0.0,
BOOKKEEPER,6,81.79%,24.82%,64.3%,undersampling,No Feature Selection,No cost sensitive,124.0,81.0,160.0,310.0,IBk,0.605,0.286,0.507,-0.042,
BOOKKEEPER,6,81.79%,24.82%,64.3%,undersampling,No Feature Selection,Sensitive Threshold,263.0,144.0,97.0,171.0,RandomForest,0.646,0.606,0.504,0.008,
BOOKKEEPER,6,81.79%,24.82%,64.3%,undersampling,No Feature Selection,Sensitive Threshold,8.0,7.0,234.0,426.0,NaiveBayes,0.533,0.018,0.495,-0.008,
BOOKKEEPER,6,81.79%,24.82%,64.3%,undersampling,No Feature Selection,Sensitive Threshold,216.0,105.0,136.0,218.0,IBk,0.673,0.498,0.531,0.056,
BOOKKEEPER,6,81.79%,24.82%,64.3%,undersampling,No Feature Selection,Sensitive Learning,291.0,152.0,89.0,143.0,RandomForest,0.657,0.671,0.502,0.04,
BOOKKEEPER,6,81.79%,24.82%,64.3%,undersampling,No Feature Selection,Sensitive Learning,8.0,7.0,234.0,426.0,NaiveBayes,0.533,0.018,0.429,-0.008,
BOOKKEEPER,6,81.79%,24.82%,64.3%,undersampling,No Feature Selection,Sensitive Learning,216.0,105.0,136.0,218.0,IBk,0.673,0.498,0.507,0.056,
BOOKKEEPER,6,81.79%,24.82%,64.3%,undersampling,Best first,No cost sensitive,114.0,84.0,157.0,320.0,RandomForest,0.576,0.263,0.496,-0.071,
BOOKKEEPER,6,81.79%,24.82%,64.3%,undersampling,Best first,No cost sensitive,13.0,9.0,232.0,421.0,NaiveBayes,0.591,0.03,0.435,-0.005,
BOOKKEEPER,6,81.79%,24.82%,64.3%,undersampling,Best first,No cost sensitive,125.0,82.0,159.0,309.0,IBk,0.604,0.288,0.512,-0.043,
BOOKKEEPER,6,81.79%,24.82%,64.3%,undersampling,Best first,Sensitive Threshold,261.0,143.0,98.0,173.0,RandomForest,0.646,0.601,0.504,0.008,
BOOKKEEPER,6,81.79%,24.82%,64.3%,undersampling,Best first,Sensitive Threshold,434.0,241.0,0.0,0.0,NaiveBayes,0.643,1.0,0.5,0.0,
BOOKKEEPER,6,81.79%,24.82%,64.3%,undersampling,Best first,Sensitive Threshold,217.0,105.0,136.0,217.0,IBk,0.674,0.5,0.532,0.058,
BOOKKEEPER,6,81.79%,24.82%,64.3%,undersampling,Best first,Sensitive Learning,290.0,151.0,90.0,144.0,RandomForest,0.658,0.668,0.504,0.042,
BOOKKEEPER,6,81.79%,24.82%,64.3%,undersampling,Best first,Sensitive Learning,434.0,241.0,0.0,0.0,NaiveBayes,0.643,1.0,0.435,0.0,
BOOKKEEPER,6,81.79%,24.82%,64.3%,undersampling,Best first,Sensitive Learning,217.0,105.0,136.0,217.0,IBk,0.674,0.5,0.512,0.058,
BOOKKEEPER,6,81.79%,24.82%,64.3%,SMOTE,No Feature Selection,No cost sensitive,76.0,54.0,187.0,358.0,RandomForest,0.585,0.175,0.494,-0.038,
BOOKKEEPER,6,81.79%,24.82%,64.3%,SMOTE,No Feature Selection,No cost sensitive,7.0,4.0,237.0,427.0,NaiveBayes,0.636,0.016,0.429,0.0,
BOOKKEEPER,6,81.79%,24.82%,64.3%,SMOTE,No Feature Selection,No cost sensitive,72.0,52.0,189.0,362.0,IBk,0.581,0.166,0.509,-0.039,
BOOKKEEPER,6,81.79%,24.82%,64.3%,SMOTE,No Feature Selection,Sensitive Threshold,209.0,110.0,131.0,225.0,RandomForest,0.655,0.482,0.513,0.023,
BOOKKEEPER,6,81.79%,24.82%,64.3%,SMOTE,No Feature Selection,Sensitive Threshold,10.0,8.0,233.0,424.0,NaiveBayes,0.556,0.023,0.495,-0.007,
BOOKKEEPER,6,81.79%,24.82%,64.3%,SMOTE,No Feature Selection,Sensitive Threshold,170.0,80.0,161.0,264.0,IBk,0.68,0.392,0.53,0.051,
BOOKKEEPER,6,81.79%,24.82%,64.3%,SMOTE,No Feature Selection,Sensitive Learning,216.0,122.0,119.0,218.0,RandomForest,0.639,0.498,0.498,-0.008,
BOOKKEEPER,6,81.79%,24.82%,64.3%,SMOTE,No Feature Selection,Sensitive Learning,10.0,8.0,233.0,424.0,NaiveBayes,0.556,0.023,0.429,-0.007,
BOOKKEEPER,6,81.79%,24.82%,64.3%,SMOTE,No Feature Selection,Sensitive Learning,170.0,80.0,161.0,264.0,IBk,0.68,0.392,0.509,0.051,
BOOKKEEPER,6,81.79%,24.82%,64.3%,SMOTE,Best first,No cost sensitive,67.0,45.0,196.0,367.0,RandomForest,0.598,0.154,0.516,-0.025,
BOOKKEEPER,6,81.79%,24.82%,64.3%,SMOTE,Best first,No cost sensitive,15.0,15.0,226.0,419.0,NaiveBayes,0.5,0.035,0.429,-0.02,
BOOKKEEPER,6,81.79%,24.82%,64.3%,SMOTE,Best first,No cost sensitive,69.0,50.0,191.0,365.0,IBk,0.58,0.159,0.513,-0.038,
BOOKKEEPER,6,81.79%,24.82%,64.3%,SMOTE,Best first,Sensitive Threshold,204.0,98.0,143.0,230.0,RandomForest,0.675,0.47,0.532,0.057,
BOOKKEEPER,6,81.79%,24.82%,64.3%,SMOTE,Best first,Sensitive Threshold,66.0,86.0,155.0,368.0,NaiveBayes,0.434,0.152,0.398,-0.162,
BOOKKEEPER,6,81.79%,24.82%,64.3%,SMOTE,Best first,Sensitive Threshold,167.0,81.0,160.0,267.0,IBk,0.673,0.385,0.524,0.042,
BOOKKEEPER,6,81.79%,24.82%,64.3%,SMOTE,Best first,Sensitive Learning,215.0,112.0,129.0,219.0,RandomForest,0.657,0.495,0.504,0.028,
BOOKKEEPER,6,81.79%,24.82%,64.3%,SMOTE,Best first,Sensitive Learning,66.0,85.0,156.0,368.0,NaiveBayes,0.437,0.152,0.429,-0.159,
BOOKKEEPER,6,81.79%,24.82%,64.3%,SMOTE,Best first,Sensitive Learning,167.0,81.0,160.0,267.0,IBk,0.673,0.385,0.514,0.042,
BOOKKEEPER,Walk,Forward,29.8%,25.79%,No sampling,No Feature Selection,No cost sensitive,55.67,50.17,346.83,118.5,RandomForest,0.444,0.393,0.699,0.255,
BOOKKEEPER,Walk,Forward,29.8%,25.79%,No sampling,No Feature Selection,No cost sensitive,14.0,14.5,382.5,160.17,NaiveBayes,0.494,0.097,0.677,0.076,
BOOKKEEPER,Walk,Forward,29.8%,25.79%,No sampling,No Feature Selection,No cost sensitive,52.33,57.17,339.83,121.83,IBk,0.404,0.368,0.675,0.209,
BOOKKEEPER,Walk,Forward,29.8%,25.79%,No sampling,No Feature Selection,Sensitive Threshold,107.33,174.5,222.5,66.83,RandomForest,0.321,0.679,0.615,0.133,
BOOKKEEPER,Walk,Forward,29.8%,25.79%,No sampling,No Feature Selection,Sensitive Threshold,15.5,16.17,380.83,158.67,NaiveBayes,0.49,0.107,0.533,0.082,
BOOKKEEPER,Walk,Forward,29.8%,25.79%,No sampling,No Feature Selection,Sensitive Threshold,72.5,109.67,287.33,101.67,IBk,0.343,0.442,0.593,0.138,
BOOKKEEPER,Walk,Forward,29.8%,25.79%,No sampling,No Feature Selection,Sensitive Learning,103.33,168.83,228.17,70.83,RandomForest,0.32,0.65,0.672,0.133,
BOOKKEEPER,Walk,Forward,29.8%,25.79%,No sampling,No Feature Selection,Sensitive Learning,15.5,16.17,380.83,158.67,NaiveBayes,0.49,0.107,0.677,0.082,
BOOKKEEPER,Walk,Forward,29.8%,25.79%,No sampling,No Feature Selection,Sensitive Learning,72.5,109.17,287.83,101.67,IBk,0.343,0.442,0.675,0.139,
BOOKKEEPER,Walk,Forward,29.8%,25.79%,No sampling,Best first,No cost sensitive,54.83,48.5,348.5,119.33,RandomForest,0.446,0.385,0.706,0.251,
BOOKKEEPER,Walk,Forward,29.8%,25.79%,No sampling,Best first,No cost sensitive,19.67,12.17,384.83,154.5,NaiveBayes,0.655,0.146,0.692,0.143,
BOOKKEEPER,Walk,Forward,29.8%,25.79%,No sampling,Best first,No cost sensitive,55.33,56.67,340.33,118.83,IBk,0.585,0.388,0.684,0.231,
BOOKKEEPER,Walk,Forward,29.8%,25.79%,No sampling,Best first,Sensitive Threshold,106.5,175.0,222.0,67.67,RandomForest,0.32,0.674,0.613,0.13,
BOOKKEEPER,Walk,Forward,29.8%,25.79%,No sampling,Best first,Sensitive Threshold,32.67,25.17,371.83,141.5,NaiveBayes,0.559,0.241,0.586,0.21,
BOOKKEEPER,Walk,Forward,29.8%,25.79%,No sampling,Best first,Sensitive Threshold,75.5,110.0,287.0,98.67,IBk,0.519,0.463,0.603,0.157,
BOOKKEEPER,Walk,Forward,29.8%,25.79%,No sampling,Best first,Sensitive Learning,97.5,153.17,243.83,76.67,RandomForest,0.336,0.619,0.712,0.158,
BOOKKEEPER,Walk,Forward,29.8%,25.79%,No sampling,Best first,Sensitive Learning,32.67,25.17,371.83,141.5,NaiveBayes,0.559,0.241,0.692,0.21,
BOOKKEEPER,Walk,Forward,29.8%,25.79%,No sampling,Best first,Sensitive Learning,75.5,109.5,287.5,98.67,IBk,0.519,0.463,0.684,0.158,
BOOKKEEPER,Walk,Forward,29.8%,25.79%,oversampling,No Feature Selection,No cost sensitive,63.67,80.67,316.33,110.5,RandomForest,0.378,0.432,0.673,0.19,
BOOKKEEPER,Walk,Forward,29.8%,25.79%,oversampling,No Feature Selection,No cost sensitive,16.17,19.5,377.5,158.0,NaiveBayes,0.443,0.115,0.684,0.082,
BOOKKEEPER,Walk,Forward,29.8%,25.79%,oversampling,No Feature Selection,No cost sensitive,62.33,82.83,314.17,111.83,IBk,0.368,0.423,0.649,0.18,
BOOKKEEPER,Walk,Forward,29.8%,25.79%,oversampling,No Feature Selection,Sensitive Threshold,111.17,178.83,218.17,63.0,RandomForest,0.319,0.684,0.614,0.132,
BOOKKEEPER,Walk,Forward,29.8%,25.79%,oversampling,No Feature Selection,Sensitive Threshold,19.5,21.33,375.67,154.67,NaiveBayes,0.475,0.14,0.542,0.106,
BOOKKEEPER,Walk,Forward,29.8%,25.79%,oversampling,No Feature Selection,Sensitive Threshold,82.0,120.17,276.83,92.17,IBk,0.345,0.487,0.602,0.148,
BOOKKEEPER,Walk,Forward,29.8%,25.79%,oversampling,No Feature Selection,Sensitive Learning,106.83,164.67,232.33,67.33,RandomForest,0.339,0.647,0.665,0.161,
BOOKKEEPER,Walk,Forward,29.8%,25.79%,oversampling,No Feature Selection,Sensitive Learning,19.5,21.33,375.67,154.67,NaiveBayes,0.475,0.14,0.684,0.106,
BOOKKEEPER,Walk,Forward,29.8%,25.79%,oversampling,No Feature Selection,Sensitive Learning,82.0,119.67,277.33,92.17,IBk,0.346,0.487,0.649,0.149,
BOOKKEEPER,Walk,Forward,29.8%,25.79%,oversampling,Best first,No cost sensitive,65.0,81.67,315.33,109.17,RandomForest,0.382,0.445,0.707,0.198,
BOOKKEEPER,Walk,Forward,29.8%,25.79%,oversampling,Best first,No cost sensitive,25.0,16.83,380.17,149.17,NaiveBayes,0.607,0.189,0.699,0.182,
BOOKKEEPER,Walk,Forward,29.8%,25.79%,oversampling,Best first,No cost sensitive,64.67,82.83,314.17,109.5,IBk,0.382,0.443,0.655,0.199,
BOOKKEEPER,Walk,Forward,29.8%,25.79%,oversampling,Best first,Sensitive Threshold,109.67,180.17,216.83,64.5,RandomForest,0.315,0.674,0.608,0.125,
BOOKKEEPER,Walk,Forward,29.8%,25.79%,oversampling,Best first,Sensitive Threshold,130.0,234.17,162.83,44.17,NaiveBayes,0.439,0.668,0.56,0.133,
BOOKKEEPER,Walk,Forward,29.8%,25.79%,oversampling,Best first,Sensitive Threshold,84.5,121.67,275.33,89.67,IBk,0.357,0.507,0.612,0.166,
BOOKKEEPER,Walk,Forward,29.8%,25.79%,oversampling,Best first,Sensitive Learning,106.17,166.17,230.83,68.0,RandomForest,0.337,0.64,0.704,0.159,
BOOKKEEPER,Walk,Forward,29.8%,25.79%,oversampling,Best first,Sensitive Learning,130.0,234.0,163.0,44.17,NaiveBayes,0.441,0.668,0.699,0.133,
BOOKKEEPER,Walk,Forward,29.8%,25.79%,oversampling,Best first,Sensitive Learning,84.5,121.17,275.83,89.67,IBk,0.358,0.507,0.654,0.166,
BOOKKEEPER,Walk,Forward,29.8%,25.79%,undersampling,No Feature Selection,No cost sensitive,72.67,89.33,307.67,101.5,RandomForest,0.385,0.491,0.687,0.213,
BOOKKEEPER,Walk,Forward,29.8%,25.79%,undersampling,No Feature Selection,No cost sensitive,15.33,15.33,381.67,158.83,NaiveBayes,0.508,0.105,0.682,0.083,
BOOKKEEPER,Walk,Forward,29.8%,25.79%,undersampling,No Feature Selection,No cost sensitive,70.0,99.67,297.33,104.17,IBk,0.353,0.458,0.658,0.163,
BOOKKEEPER,Walk,Forward,29.8%,25.79%,undersampling,No Feature Selection,Sensitive Threshold,122.5,216.83,180.17,51.67,RandomForest,0.3,0.734,0.594,0.096,
BOOKKEEPER,Walk,Forward,29.8%,25.79%,undersampling,No Feature Selection,Sensitive Threshold,17.0,17.0,380.0,157.17,NaiveBayes,0.504,0.119,0.537,0.094,
BOOKKEEPER,Walk,Forward,29.8%,25.79%,undersampling,No Feature Selection,Sensitive Threshold,87.33,140.17,256.83,86.83,IBk,0.33,0.513,0.592,0.127,
BOOKKEEPER,Walk,Forward,29.8%,25.79%,undersampling,No Feature Selection,Sensitive Learning,121.0,206.33,190.67,53.17,RandomForest,0.318,0.712,0.688,0.132,
BOOKKEEPER,Walk,Forward,29.8%,25.79%,undersampling,No Feature Selection,Sensitive Learning,17.0,17.0,380.0,157.17,NaiveBayes,0.504,0.119,0.682,0.094,
BOOKKEEPER,Walk,Forward,29.8%,25.79%,undersampling,No Feature Selection,Sensitive Learning,87.33,140.17,256.83,86.83,IBk,0.33,0.513,0.658,0.127,
BOOKKEEPER,Walk,Forward,29.8%,25.79%,undersampling,Best first,No cost sensitive,73.67,91.67,305.33,100.5,RandomForest,0.376,0.497,0.703,0.206,
BOOKKEEPER,Walk,Forward,29.8%,25.79%,undersampling,Best first,No cost sensitive,23.83,15.0,382.0,150.33,NaiveBayes,0.616,0.177,0.7,0.175,
BOOKKEEPER,Walk,Forward,29.8%,25.79%,undersampling,Best first,No cost sensitive,71.67,98.83,298.17,102.5,IBk,0.525,0.467,0.663,0.177,
BOOKKEEPER,Walk,Forward,29.8%,25.79%,undersampling,Best first,Sensitive Threshold,122.5,219.0,178.0,51.67,RandomForest,0.299,0.735,0.593,0.094,
BOOKKEEPER,Walk,Forward,29.8%,25.79%,undersampling,Best first,Sensitive Threshold,126.17,229.5,167.5,48.0,NaiveBayes,0.444,0.633,0.547,0.112,
BOOKKEEPER,Walk,Forward,29.8%,25.79%,undersampling,Best first,Sensitive Threshold,89.17,139.67,257.33,85.0,IBk,0.502,0.523,0.598,0.141,
BOOKKEEPER,Walk,Forward,29.8%,25.79%,undersampling,Best first,Sensitive Learning,123.5,213.0,184.0,50.67,RandomForest,0.313,0.728,0.71,0.126,
BOOKKEEPER,Walk,Forward,29.8%,25.79%,undersampling,Best first,Sensitive Learning,126.17,229.5,167.5,48.0,NaiveBayes,0.444,0.633,0.7,0.112,
BOOKKEEPER,Walk,Forward,29.8%,25.79%,undersampling,Best first,Sensitive Learning,89.17,139.67,257.33,85.0,IBk,0.502,0.523,0.662,0.141,
BOOKKEEPER,Walk,Forward,29.8%,25.79%,SMOTE,No Feature Selection,No cost sensitive,61.0,61.33,335.67,113.17,RandomForest,0.423,0.429,0.686,0.246,
BOOKKEEPER,Walk,Forward,29.8%,25.79%,SMOTE,No Feature Selection,No cost sensitive,15.17,15.33,381.67,159.0,NaiveBayes,0.504,0.104,0.685,0.081,
BOOKKEEPER,Walk,Forward,29.8%,25.79%,SMOTE,No Feature Selection,No cost sensitive,55.17,62.67,334.33,119.0,IBk,0.394,0.384,0.673,0.204,
BOOKKEEPER,Walk,Forward,29.8%,25.79%,SMOTE,No Feature Selection,Sensitive Threshold,110.33,182.83,214.17,63.83,RandomForest,0.316,0.685,0.609,0.124,
BOOKKEEPER,Walk,Forward,29.8%,25.79%,SMOTE,No Feature Selection,Sensitive Threshold,17.67,17.33,379.67,156.5,NaiveBayes,0.51,0.123,0.538,0.099,
BOOKKEEPER,Walk,Forward,29.8%,25.79%,SMOTE,No Feature Selection,Sensitive Threshold,74.5,112.67,284.33,99.67,IBk,0.34,0.449,0.591,0.136,
BOOKKEEPER,Walk,Forward,29.8%,25.79%,SMOTE,No Feature Selection,Sensitive Learning,103.83,171.17,225.83,70.33,RandomForest,0.33,0.647,0.677,0.147,
BOOKKEEPER,Walk,Forward,29.8%,25.79%,SMOTE,No Feature Selection,Sensitive Learning,17.67,17.33,379.67,156.5,NaiveBayes,0.51,0.123,0.685,0.099,
BOOKKEEPER,Walk,Forward,29.8%,25.79%,SMOTE,No Feature Selection,Sensitive Learning,74.5,112.17,284.83,99.67,IBk,0.34,0.449,0.673,0.137,
BOOKKEEPER,Walk,Forward,29.8%,25.79%,SMOTE,Best first,No cost sensitive,54.67,56.83,340.17,119.5,RandomForest,0.415,0.384,0.673,0.224,
BOOKKEEPER,Walk,Forward,29.8%,25.79%,SMOTE,Best first,No cost sensitive,27.17,18.17,378.83,147.0,NaiveBayes,0.603,0.204,0.705,0.197,
BOOKKEEPER,Walk,Forward,29.8%,25.79%,SMOTE,Best first,No cost sensitive,56.5,65.17,331.83,117.67,IBk,0.559,0.397,0.676,0.209,
BOOKKEEPER,Walk,Forward,29.8%,25.79%,SMOTE,Best first,Sensitive Threshold,107.67,182.67,214.33,66.5,RandomForest,0.314,0.668,0.603,0.118,
BOOKKEEPER,Walk,Forward,29.8%,25.79%,SMOTE,Best first,Sensitive Threshold,53.5,59.83,337.17,120.67,NaiveBayes,0.51,0.381,0.612,0.23,
BOOKKEEPER,Walk,Forward,29.8%,25.79%,SMOTE,Best first,Sensitive Threshold,75.83,117.0,280.0,98.33,IBk,0.505,0.462,0.593,0.138,
BOOKKEEPER,Walk,Forward,29.8%,25.79%,SMOTE,Best first,Sensitive Learning,104.17,176.67,220.33,70.0,RandomForest,0.324,0.647,0.666,0.139,
BOOKKEEPER,Walk,Forward,29.8%,25.79%,SMOTE,Best first,Sensitive Learning,53.33,59.67,337.33,120.83,NaiveBayes,0.51,0.38,0.705,0.229,
BOOKKEEPER,Walk,Forward,29.8%,25.79%,SMOTE,Best first,Sensitive Learning,75.83,116.5,280.5,98.33,IBk,0.506,0.462,0.675,0.139,
